,Unnamed: 0.2,Unnamed: 0.1,Unnamed: 0,timestamp,icao24,latitude,longitude,groundspeed,track,vertical_rate,callsign,onground,alert,spi,squawk,altitude,geoaltitude,serials,hour,x,y,track_unwrapped,flight_id,phase,cluster,airtmp_sfc,airtmp_sig,albclm_sfc,albedo_sfc,canmoi_sfc,ceilht_sfc,cldmix_sig,cmpice_sig,conpac_sfc,cvcldf_sig,dewpnt_sig,dragen_sfc,dragmo_sfc,emixht_sig,emixmt_sig,gmrefr_sig,grdtmp_sfc,grdwet_sfc,grpmix_sig,gwetcl_sfc,htgrte_sig,icemix_sig,lahflx_sfc,lndsea_sfc,lonflx_sfc,lwradh_sig,lwsfdn_sfc,ncccon_sig,nggcon_sig,niicon_sig,nrrcon_sig,nsscon_sig,pblzht_sfc,perprs_sig,pottmp_sig,qqstar_sfc,radhtr_sig,ranmix_sig,rdarrf_sfc,rdarrf_sig,relhum_sig,roughl_sfc,seaice_sfc,seatmp_sfc,sehflx_sfc,smixco_sig,snoeqv_sfc,snomix_sig,snowdp_sfc,soilty_sfc,solflx_sfc,soltmp_sfc,stapac_sfc,stcldf_sig,swradh_sig,swsfdn_sfc,terrht_sfc,trpres_sfc,ttlmix_sig,ttlpcp_sfc,ttlprs_sig,ttlsac_sfc,ttstar_sfc,turbke_sig,uustar_sfc,uutrue_sig,uuwind_sig,veggrn_sfc,vegtyp_sfc,visibl_sfc,vvtrue_sig,vvwind_sig,wstres_sfc,wvapor_sig
0,2505,2505,0,2022-03-01 19:42:00+00:00,a19a08,37.2828369140625,-76.35854518159903,339.0,43.684461758483074,2304.0,N202GA,0.0,0.0,0.0,3610.0,11525.0,11350.0,[970514683],2022-03-01 19:00:00+00:00,325942.6509991524,-253696.2764929061,43.684461758483074,N202GA_033,CLIMB,2.0,283.37872314453125,10.152731895446776,0.1091990172863006,0.1091990172863006,4.0643467968948244e-07,9000.0,0.0,0.0,0.0,0.0,4.584549427032471,0.0104217818006873,0.0167394056916236,0.5642271637916565,0.5037742257118225,9.999999848243208e+30,287.7384033203125,0.4933707118034363,0.0,0.4559270143508911,0.0,0.0,213.9964904785156,1.0,109.18560791015624,15.064312934875488,268.19439697265625,0.0,0.0,0.0,0.0,0.0,939.9924926757812,0.0018791800830513,281.82086181640625,0.0002375714248046,0.0001922371593536,0.0,-27.135040283203125,-inf,69.17082977294922,0.1500000059604644,0.0115823904052376,280.36474609375,262.2894592285156,0.0,0.0,0.0,0.0,3.0,659.370849609375,277.7142944335937,0.0,0.0,1.5449780225753784,740.199951171875,0.4211543798446655,1020.0869750976562,0.0,0.0,1018.6508178710938,0.0,1.0087366104125977,0.3798605501651764,0.2462447881698608,-2.389542818069458,-2.413737535476685,0.0,5.0,90.0,1.612968921661377,1.664494872093201,0.1296173483133316,0.0052809789776802
1,2506,2506,1,2022-03-01 19:43:00+00:00,a19a08,37.316599700410485,-76.31760306980298,353.0,43.96672121924866,2112.0,N202GA,0.0,0.0,0.0,3610.0,12825.0,11500.0,[970514683],2022-03-01 19:00:00+00:00,325942.6509991524,-253696.2764929061,43.96672121924866,N202GA_033,CLIMB,2.0,280.22088623046875,7.0847601890563965,0.0799999982118606,0.0799999982118606,0.0,9000.0,0.0,0.0,0.0,0.0,5.503537178039551,0.001120948465541,0.000985043356195,0.2757081091403961,0.25,9.999999848243208e+30,280.19390869140625,1.0,0.0,1.0,0.0,0.0,3.2247564792633057,0.0,86.35812377929688,-1.2400479316711426,260.9486083984375,0.0,0.0,0.0,0.0,0.0,50.0,0.0019258039537817,278.7521057128906,1.94314488908276e-05,4.119157893001102e-06,0.0,-28.9322509765625,-inf,90.80921936035156,1.4000000192027072e-05,0.0112867522984743,280.19390869140625,-6.108461856842041,0.0,0.0,0.0,0.0,14.0,679.8427734375,277.6429138183594,0.0,0.0,1.5959432125091553,738.9597778320312,0.0,1020.2296752929688,0.0,0.0,1018.8674926757812,0.0,-0.0045091388747096,0.0211975295096635,0.0962424203753471,-3.135636806488037,-3.098078966140747,0.0,17.0,90.0,1.4336860179901123,1.7042601108551023,0.0074958838522434,0.0056338557042181
2,2507,2507,2,2022-03-01 19:44:00+00:00,a19a08,37.37101926641949,-76.25120743461275,393.0,44.17565717915485,3456.0,N202GA,0.0,0.0,0.0,3610.0,15450.0,15150.0,[-1408234405   970514683       91569],2022-03-01 19:00:00+00:00,334357.8615666531,-244286.06481769783,44.17565717915485,N202GA_033,CLIMB,2.0,282.2829284667969,9.104747772216797,0.1074981242418289,0.1074981242418289,8.82738149243778e-08,9000.0,0.0,0.0,0.0,0.0,5.655341148376465,0.0140132112428545,0.0239593107253313,0.3461184501647949,0.3090343177318573,9.999999848243208e+30,287.071533203125,0.537102222442627,0.0,0.5050783157348633,0.0,0.0,170.52577209472656,1.0,109.73336791992188,16.556560516357422,263.9349670410156,0.0,0.0,0.0,0.0,0.0,69.99781036376953,0.0019438477465882,280.7720947265625,9.997984307119624e-05,0.0002112611837219,0.0,-29.106311798095703,-inf,79.9918441772461,0.4277777671813965,0.0110018122941255,280.0248413085937,311.58966064453125,0.0,0.0,0.0,0.0,3.0,660.1575927734375,277.5716247558594,0.0,0.0,1.6964062452316284,739.6707153320312,1.6587245464324951,1019.9998779296876,0.0,0.0,1018.7308349609376,0.0,0.65749591588974,0.4087717533111572,0.4317671358585357,-2.195403575897217,-2.1677610874176025,0.0,5.0,90.0,1.65783953666687,2.0849006175994877,0.2962284088134765,0.0056951325386762
3,2508,2508,3,2022-03-01 19:45:00+00:00,a19a08,37.46356511520127,-76.13806019658628,414.0,44.41337429248946,3392.0,N202GA,0.0,0.0,0.0,3610.0,19475.0,18675.0,[-1408232951 -1408234405],2022-03-01 19:00:00+00:00,342274.50778739405,-235441.6144910637,44.41337429248946,N202GA_033,CLIMB,2.0,279.3847045898437,6.200050354003906,0.0799999982118606,0.0799999982118606,0.0,9000.0,0.0,0.0,0.0,0.0,5.1878981590271,0.0012439545243978,0.0010790007654577,0.25,0.25,9.999999848243208e+30,279.7624816894531,1.0,0.0,1.0,0.0,0.0,4.744441032409668,0.0,87.01510620117188,2.038355588912964,258.1619567871094,0.0,0.0,0.0,0.0,0.0,50.0,0.0019625721033662,277.8619689941406,1.8540091332397424e-05,4.202454147161916e-05,0.0,-28.971221923828125,-inf,94.40656280517578,1.4000000192027072e-05,0.0104641010984778,279.7624816894531,-9.544577598571776,0.0,0.0,0.0,0.0,14.0,678.2866821289062,277.42919921875,0.0,0.0,1.5925650596618652,737.268310546875,0.0,1020.2254028320312,0.0,0.0,1018.9976196289062,0.0,0.0119279408827424,0.0146022010594606,0.1033604517579078,-0.7750424742698669,-0.7422325611114502,0.0,17.0,90.0,3.1026952266693115,3.043712615966797,0.0177209544926881,0.0055092009715735
4,2509,2509,4,2022-03-01 19:46:00+00:00,a19a08,37.532958984375,-76.0528564453125,439.0,44.3541812060255,3072.0,N202GA,0.0,0.0,0.0,3610.0,22175.0,22100.0,[-1408232951 -1408234405 -1408235039   970514683],2022-03-01 19:00:00+00:00,351278.14831312245,-225391.66052924964,44.3541812060255,N202GA_033,CLIMB,2.0,280.6910705566406,7.494997501373291,0.0799999982118606,0.0799999982118606,0.0,9000.0,0.0,0.0,0.0,0.0,4.717580318450928,0.0008124103769659,0.0007021374767646,0.3651332855224609,0.2844794690608978,9.999999848243208e+30,279.7842102050781,1.0,0.0,1.0,0.0,0.0,4.793758869171143,0.0,85.18243408203125,-4.622506618499756,260.119873046875,0.0,0.0,0.0,0.0,0.0,50.0,0.0019756285473704,279.1463317871094,2.0783254512934946e-05,-3.5346012737136334e-05,0.0,-37.98810958862305,-inf,83.56951904296875,1.4000000192027072e-05,0.0096930721774697,279.7842102050781,-12.440218925476074,0.0,0.0,0.0,0.0,14.0,678.949951171875,277.3749389648437,0.0,0.0,1.5686110258102417,737.9887084960938,0.0,1020.2245483398438,0.0,0.0,1019.0441284179688,0.0,-0.029010834172368,0.021006928756833,0.0793352797627449,1.2639309167861938,1.3099703788757324,0.0,17.0,90.0,2.8787224292755127,2.826115846633911,0.0137231033295392,0.0053288787603378
5,2510,2510,5,2022-03-01 19:47:00+00:00,a19a08,37.62533414161811,-75.94926253609037,442.0,32.431417372202795,640.0,N202GA,0.0,0.0,0.0,3610.0,24925.0,24775.0,[-1408232951 -1408234405 -1408235039],2022-03-01 19:00:00+00:00,359784.4719809254,-214954.7608772584,32.431417372202795,N202GA_033,CLIMB,2.0,281.0408935546875,7.842000007629394,0.0799999982118606,0.0799999982118606,0.0,9000.0,0.0,0.0,0.0,0.0,4.362124919891357,0.0008086554007604,0.0007071738364174,0.4195256531238556,0.3269472420215606,9.999999848243208e+30,279.83721923828125,1.0,0.0,1.0,0.0,0.0,6.450587272644043,0.0,85.17816162109375,-6.225347995758057,260.3845520019531,0.0,0.0,0.0,0.0,0.0,71.78063201904297,0.0020065593998879,279.4828796386719,2.53325797530124e-05,-5.4362033552024513e-05,0.0,-37.54145050048828,-inf,79.59980010986328,1.4000000192027072e-05,0.0097336750477552,279.83721923828125,-15.128622055053713,0.0,0.0,0.0,0.0,14.0,677.5150756835938,277.2453918457031,0.0,0.0,1.5284682512283323,736.4292602539062,0.0,1020.2368774414062,0.0,0.0,1019.1537475585938,0.0,-0.0375628732144832,0.0276460349559783,0.0917223095893859,2.304195642471313,2.330831527709961,0.0,17.0,90.0,2.742466449737549,2.6970744132995605,0.0164271015673875,0.0051957834511995
6,2511,2511,6,2022-03-01 19:48:00+00:00,a19a08,37.73240428859904,-75.86686507515287,448.0,31.31445317473812,3328.0,N202GA,0.0,0.0,0.0,3610.0,26175.0,26000.0,[-1408234405 -1408235039   970514683],2022-03-01 19:00:00+00:00,366137.7418649727,-203411.5199368829,31.31445317473812,N202GA_033,CLIMB,2.0,282.5548400878906,9.335171699523926,0.0799999982118606,0.0799999982118606,0.0,9000.0,0.0,0.0,0.0,0.0,3.693171977996826,0.0006770052132196,0.0005978270783089,0.6944349408149719,0.5407170057296753,9.999999848243208e+30,279.9853515625,1.0,0.0,1.0,0.0,0.0,8.057365417480469,0.0,81.80813598632812,-14.35808563232422,264.5169372558594,0.0,0.0,0.0,0.0,0.0,847.0,0.0020035994239151,280.96881103515625,3.142755667795427e-05,-0.0001499643549323,0.0,-36.80379104614258,-inf,68.62505340576172,1.4000000192027072e-05,0.0095887063071131,279.9853515625,-16.954513549804688,0.0,0.0,0.0,0.0,14.0,673.7948608398438,277.05487060546875,0.0,0.0,1.4011659622192385,732.3856811523438,0.0,1020.1741333007812,0.0,0.0,1019.1431884765624,0.0,-0.0715474411845207,0.0700180456042289,0.1016098782420158,2.6149673461914062,3.1808292865753174,0.0,17.0,90.0,2.2492854595184326,2.2673184871673584,0.0137346889823675,0.0049545168876647
7,2512,2512,7,2022-03-01 19:49:00+00:00,a19a08,37.83494567871094,-75.78824956366356,449.0,31.248154781959443,512.0,N202GA,0.0,0.0,0.0,3610.0,28925.0,28775.0,[-1408232951 -1408234405 -1408235039 -1408232116   970514683],2022-03-01 19:00:00+00:00,372621.1908616591,-191542.5135036524,31.248154781959443,N202GA_033,CLIMB,2.0,281.64166259765625,8.389425277709961,0.0799999982118606,0.0799999982118606,0.0,9000.0,0.0,0.0,0.0,0.0,4.240720272064209,0.0007873221766203,0.0006957540172152,0.5568677186965942,0.4339917302131653,9.999999848243208e+30,280.0331420898437,1.0,0.0,1.0,0.0,0.0,7.144318580627441,0.0,82.84002685546875,-9.002142906188965,263.7099609375,0.0,0.0,0.0,0.0,0.0,940.0,0.0019954100716859,280.0304260253906,2.869038871722296e-05,-8.783076191321015e-05,0.0,-36.74542236328125,-inf,76.0384292602539,1.4000000192027072e-05,0.009649509564042,280.0331420898437,-14.68122673034668,0.0,0.0,0.0,0.0,14.0,671.4812622070312,276.92333984375,0.0,0.0,1.4135644435882568,729.870849609375,0.0,1020.1940307617188,0.0,0.0,1019.114501953125,0.0,-0.0478090308606624,0.0454417690634727,0.101049967110157,3.148284435272217,3.197714328765869,0.0,17.0,90.0,1.2880985736846924,1.2558460235595703,0.0140753369778394,0.0051514119841158
8,2513,2513,8,2022-03-01 19:50:00+00:00,a19a08,37.94798770193326,-75.7013536536175,490.0,31.32435457906308,-64.0,N202GA,0.0,0.0,0.0,3610.0,29000.0,28775.0,[-1408232951 -1408234405 -1408235039   970515234 -1408232116   970514683],2022-03-01 19:00:00+00:00,379515.6729936778,-178907.82572733093,31.32435457906308,N202GA_033,CRUISE,2.0,284.0062255859375,10.813732147216797,0.1025247052311897,0.1025247052311897,0.0,9000.0,0.0,0.0,0.0,0.0,3.8955578804016113,0.0124047119170427,0.0211438219994306,1.068721055984497,0.9092819690704346,9.999999848243208e+30,288.45440673828125,0.5351549983024597,0.0,0.5612812638282776,0.0,0.0,213.2710876464844,1.0,111.07351684570312,14.47300624847412,269.8424377441406,0.0,0.0,0.0,0.0,0.0,846.9888916015625,0.001978259300813,282.45318603515625,8.639517909614369e-05,0.0001835702132666,0.0,-36.60040283203125,-inf,63.05147552490234,0.4906250238418579,0.0092034600675106,279.8651123046875,263.6946105957031,0.0,0.0,0.0,0.0,4.0,653.22998046875,276.8007507324219,0.0,0.0,1.3874595165252686,727.8529663085938,0.6979091763496399,1020.054443359375,0.0,0.0,1018.9688720703124,0.0,0.3920195400714874,0.8547394871711731,0.6404237747192383,2.1053214073181152,2.828805446624756,11.0,14.0,90.0,2.482972383499145,3.497791290283203,0.5220777988433838,0.0050272983498871
9,2514,2514,9,2022-03-01 19:51:00+00:00,a19a08,38.063623460672666,-75.61191061268681,487.0,31.46864106246225,0.0,N202GA,0.0,0.0,0.0,3610.0,29000.0,28750.0,[-1408232951 -1408234405 -1408235039 -1408232116 -1408232857   970514683],2022-03-01 19:00:00+00:00,386591.4236586909,-165974.80774517477,31.46864106246225,N202GA_033,CRUISE,2.0,283.9536437988281,10.82163906097412,0.1051921099424362,0.1051921099424362,0.0,9000.0,0.0,0.0,0.0,0.0,3.9236807823181152,0.0114223212003707,0.0192707739770412,1.5874792337417605,1.3155715465545654,9.999999848243208e+30,287.9508056640625,0.5417516231536865,0.0,0.5845959186553955,0.0,0.0,273.2941589355469,1.0,109.11489868164062,12.57472324371338,269.80328369140625,0.0,0.0,0.0,0.0,0.0,846.9186401367188,0.0019636782817542,282.50714111328125,0.0001043797165038,0.0001617451780475,0.0,-36.45500564575195,-inf,63.14342498779297,0.4511905014514923,0.0095189632847905,279.35601806640625,211.11997985839844,0.0,0.0,0.0,0.0,4.0,649.4661865234375,276.5956420898437,0.0,0.0,1.4000608921051023,725.8165283203125,5.100399971008301,1019.4443359375,0.0,0.0,1018.3871459960938,0.0,0.3355428874492645,0.9435602426528932,0.6726518869400024,2.4431755542755127,3.0888047218322754,30.0,14.0,90.0,2.6725099086761475,3.882836818695069,0.5404521226882935,0.0050402684137225
10,2515,2515,10,2022-03-01 19:52:00+00:00,a19a08,38.1793212890625,-75.52224017204122,487.0,31.46864106246225,-128.0,N202GA,0.0,0.0,0.0,3610.0,29000.0,28750.0,"[-1408232951 -1408234405 -1408235039   970515234 -1408232116 -1408232857
   970514683]",2022-03-01 19:00:00+00:00,393661.453614335,-153027.80816117977,31.46864106246225,N202GA_033,CRUISE,2.0,283.9200744628906,10.778904914855955,0.1103266924619674,0.1103266924619674,0.0,9000.0,0.0,0.0,0.0,0.0,4.318193912506104,0.0129027226939797,0.0224805492907762,1.998481512069702,1.6340889930725098,9.999999848243208e+30,288.0311279296875,0.5248885154724121,0.0,0.5263181924819946,0.0,0.0,239.6975555419922,1.0,107.69769287109376,12.478713035583496,270.78485107421875,0.0,0.0,0.0,0.0,0.0,1037.8585205078125,0.0019755268003791,282.4818115234375,9.148099343292416e-05,0.0001607754238648,0.0,-36.25662612915039,-inf,65.1084976196289,0.5845238566398621,0.0090329181402921,278.8879699707031,223.7267608642578,0.0,0.0,0.0,0.0,2.0,643.6812133789062,276.4701843261719,0.0,0.0,1.4122841358184814,723.5030517578125,7.243996143341064,1019.12548828125,0.0,0.0,1018.1703491210938,0.0,0.286454439163208,1.0084646940231323,0.7026073336601257,2.2235753536224365,2.8745994567871094,32.0,5.0,90.0,2.6179182529449463,3.724722623825073,0.6007338166236877,0.005184659268707
11,2516,2516,11,2022-03-01 19:53:00+00:00,a19a08,38.294522560248936,-75.43272598930025,491.0,31.584553337123747,-64.0,N202GA,0.0,0.0,0.0,3610.0,29000.0,28725.0,"[-1408232951  1408236164 -1408237211 -1408234405 -1408235039   970515234
 -1408232116 -1408232857   970514683]",2022-03-01 19:00:00+00:00,400695.9022868885,-140129.10348009475,31.584553337123747,N202GA_033,CRUISE,2.0,283.9678039550781,10.83485221862793,0.1163968667387962,0.1163968667387962,0.0,9000.0,0.0,0.0,0.0,0.0,3.800600290298462,0.012434396892786,0.021421130746603,1.8331141471862795,1.5077956914901731,9.999999848243208e+30,288.25067138671875,0.507584810256958,0.0,0.4801195859909057,0.0,0.0,210.0785675048828,1.0,108.94735717773438,13.217161178588867,270.5296936035156,0.0,0.0,0.0,0.0,0.0,1140.7069091796875,0.0019439710304141,282.607421875,7.855339936213568e-05,0.0001687936019152,0.0,-35.55916976928711,-inf,62.54203796386719,0.5357142686843872,0.0092821642756462,278.3459167480469,248.95794677734372,0.0,0.0,0.0,0.0,2.0,637.5309448242188,276.2623291015625,0.0,0.0,1.3666070699691772,721.5126953125,13.639789581298828,1018.2426147460938,0.0,0.0,1017.28857421875,0.0,0.3129905164241791,0.99357271194458,0.6900646686553955,2.444657325744629,3.0072970390319824,35.0,5.0,90.0,2.566537857055664,3.65054702758789,0.5960693955421448,0.0050017479807138
12,2517,2517,12,2022-03-01 19:54:00+00:00,a19a08,38.41099548339844,-75.34178388879656,492.0,31.622758744227585,-64.0,N202GA,0.0,0.0,0.0,3610.0,29000.0,28700.0,"[-1408232951  1408236164 -1408237211 -1408234405 -1408235039   970515234
 -1408232116 -1408232857   970514683 -1408232348]",2022-03-01 19:00:00+00:00,407820.3459489211,-127079.64641369502,31.622758744227585,N202GA_033,CRUISE,2.0,283.7201232910156,10.615121841430664,0.1193925887346267,0.1193925887346267,0.0,9000.0,0.0,0.0,0.0,0.0,4.250396251678467,0.0112147200852632,0.0189008899033069,1.6539894342422483,1.365874171257019,9.999999848243208e+30,287.7455444335937,0.4991897344589233,0.0,0.473711609840393,0.0,0.0,244.6510009765625,1.0,106.21539306640624,12.283257484436035,271.0912780761719,0.0,0.0,0.0,0.0,0.0,1248.749755859375,0.0019460531184449,282.35955810546875,9.30681562749669e-05,0.0001580045936862,0.0,-35.569190979003906,-inf,65.50957489013672,0.4464285671710968,0.0087439296767115,278.11016845703125,219.0256500244141,0.0,0.0,0.0,0.0,2.0,632.8399658203125,276.1339416503906,0.0,0.0,1.3683394193649292,718.6402587890625,10.642250061035156,1018.614990234375,0.0,0.0,1017.6569213867188,0.0,0.3076740801334381,0.9115354418754578,0.6598803400993347,1.924486756324768,2.446354627609253,38.0,14.0,90.0,2.9834635257720947,4.117191314697266,0.5704013109207153,0.0051623964682221
13,2518,2518,13,2022-03-01 19:55:00+00:00,a19a08,38.527130126953125,-75.25067536727244,495.0,31.698532138431368,-64.0,N202GA,0.0,0.0,0.0,3610.0,29000.0,28700.0,[ 1408236164 -1408235039 -1408232116 -1408232857   970514683 -1408232348],2022-03-01 19:00:00+00:00,414935.4286877964,-114059.63844942291,31.698532138431368,N202GA_033,CRUISE,2.0,283.75213623046875,10.621803283691406,0.1236696243286132,0.1236696243286132,0.0,9000.0,0.0,0.0,0.0,0.0,3.948073148727417,0.0107431048527359,0.0179609414190053,1.6789393424987793,1.3848350048065186,9.999999848243208e+30,287.79718017578125,0.4795334339141845,0.0,0.4513379335403442,0.0,0.0,228.64259338378903,1.0,105.80288696289062,12.156859397888184,271.5477294921875,0.0,0.0,0.0,0.0,0.0,1363.7894287109375,0.0019095937022939,282.3531188964844,8.60159780131653e-05,0.0001558851072331,0.0,-36.126731872558594,-inf,64.09981536865234,0.415714293718338,0.0089836418628692,277.95477294921875,230.45571899414065,0.0,0.0,0.0,0.0,2.0,627.1031494140625,275.9233703613281,0.0,0.0,1.3116146326065063,715.6010131835938,8.199471473693848,1018.8382568359376,0.0,0.0,1017.822021484375,0.0,0.2996940910816192,0.9042539596557616,0.6569753289222717,2.09415054321289,2.629375457763672,38.0,14.0,90.0,2.978247880935669,4.144067764282227,0.5765517354011536,0.0050518480129539
14,2519,2519,14,2022-03-01 19:56:00+00:00,a19a08,38.6449212543035,-75.1580810546875,497.0,31.67546873810922,-64.0,N202GA,0.0,0.0,0.0,3610.0,29000.0,28675.0,[ 1408236164 -1408234405 -1408235039 -1408232116   970514683 -1408232348],2022-03-01 19:00:00+00:00,422141.82175517065,-100846.34717482352,31.67546873810922,N202GA_033,CRUISE,2.0,283.6003723144531,10.458440780639648,0.1280948370695114,0.1280948370695114,0.0,9000.0,0.0,0.0,0.0,0.0,4.121347427368164,0.0104761868715286,0.0173121988773345,0.9902629852294922,0.8431202173233032,9.999999848243208e+30,287.75067138671875,0.4673712253570556,0.0,0.4431201815605163,0.0,0.0,198.53468322753903,1.0,104.53863525390624,12.325032234191896,272.1811218261719,0.0,0.0,0.0,0.0,0.0,1488.91943359375,0.0019068416440859,282.1405334472656,8.253299893112853e-05,0.0001576055219629,0.0,-31.62213516235352,-inf,65.59892272949219,0.3759999871253967,0.0087178144603967,278.18072509765625,252.71095275878903,0.0,0.0,0.0,0.0,2.0,620.6080322265625,275.7186279296875,0.0,0.0,1.292084813117981,711.7839965820312,2.8717429637908936,1019.480712890625,0.0,0.0,1018.4540405273438,0.0,0.3293577134609222,0.7218433618545532,0.5822872519493103,1.199053168296814,1.3965824842453003,30.0,14.0,90.0,3.402832508087158,4.080392837524414,0.6065486669540405,0.0051112626679241
15,2520,2520,15,2022-03-01 19:57:00+00:00,a19a08,38.75633239746094,-75.05238408627719,509.0,42.372135265765976,-1024.0,N202GA,0.0,0.0,0.0,3610.0,28625.0,28275.0,"[-1408233589  1408236164 -1408234903 -1408234405 -1408235039   970515234
 -1408233441 -1408232116 -1408232857   970514683]",2022-03-01 19:00:00+00:00,430474.0752843375,-88257.53513161291,42.372135265765976,N202GA_033,DESCENT,2.0,281.9035339355469,8.68262004852295,0.0799999982118606,0.0799999982118606,0.0,9000.0,0.0,0.0,0.0,0.0,4.244685649871826,0.0004841935879085,0.0004182624397799,0.6872584819793701,0.5349857211112976,9.999999848243208e+30,278.2587890625,1.0,0.0,1.0,0.0,0.0,2.638906478881836,0.0,69.25985717773438,-19.878232955932617,268.7716369628906,0.0,0.0,0.0,0.0,0.0,1624.0,0.0019133879104629,280.34490966796875,5.839083769387798e-06,-0.0002160271687898,0.0,-30.087627410888672,-inf,74.56272888183594,1.4000000192027072e-05,0.0087387384846806,278.2587890625,-17.631948471069336,0.0,0.0,0.0,0.0,14.0,650.5166015625,275.57861328125,0.0,0.0,1.213485836982727,707.08349609375,0.0,1019.8652954101562,0.0,0.0,1018.8235473632812,0.0,-0.0862671360373497,0.072778932750225,0.0801752358675003,-1.499436378479004,-1.5777082443237305,0.0,17.0,90.0,3.4519264698028564,3.566465139389038,0.0136191481724381,0.0051543461158871
16,2521,2521,16,2022-03-01 19:58:00+00:00,a19a08,38.86138916015625,-74.928955078125,524.0,42.52388732629129,-1088.0,N202GA,0.0,0.0,0.0,3610.0,27450.0,27125.0,"[ 1408236164 -1408234903 -1408234405 -1408235039 -1408233441   970514683
 -1408232348]",2022-03-01 19:00:00+00:00,440321.9993305333,-76264.532902427,42.52388732629129,N202GA_033,DESCENT,2.0,276.8724670410156,3.7587151527404794,0.0799999982118606,0.0799999982118606,0.0,9000.0,2.537042018957436e-05,0.0,0.0,0.0,3.5846612453460693,0.0012395193334668,0.0011896546930074,0.25,0.25,9.999999848243208e+30,278.2173156738281,1.0,0.0,1.0,0.0004737854178529,0.0,3.6132235527038574,0.0,77.8209228515625,0.9027484655380248,259.9236755371094,0.0,0.0,0.0,0.0,0.0,50.0,0.0019630130846053,275.43359375,1.7148873666883446e-05,3.253594695706852e-05,0.0,-33.78041076660156,-40.56842422485352,99.9984130859375,1.4000000192027072e-05,0.0082712154835462,278.2173156738281,-5.398168563842773,0.0,0.0,0.0,0.0,14.0,646.944091796875,275.45379638671875,0.0,0.8397613763809204,1.9083573818206787,703.1995849609375,0.0,1020.1741333007812,2.537042018957436e-05,0.0,1018.9993286132812,0.0,0.0441821739077568,0.0535073392093181,0.1684104353189468,-2.4900383949279785,-2.549698829650879,0.0,17.0,90.0,3.722766160964966,3.7536094188690186,0.0445068888366222,0.0049170441925525
17,2522,2522,17,2022-03-01 19:59:00+00:00,a19a08,38.9692972474179,-74.80169677734375,529.0,42.623627066940685,-1216.0,N202GA,0.0,0.0,0.0,3610.0,26550.0,26125.0,"[-1408233589 -1408233412  1408236164 -1408232083 -1408234903 -1408233479
 -1408234405 -1408235039   970515234   970514683 -1408232348]",2022-03-01 19:00:00+00:00,450445.0002575632,-63930.51722828327,42.623627066940685,N202GA_033,DESCENT,2.0,278.103515625,4.920106410980225,0.0799999982118606,0.0799999982118606,0.0,9000.0,0.0,0.0,0.0,0.0,4.513469696044922,0.0011820804793387,0.0010140832746401,0.3857547640800476,0.3090025186538696,9.999999848243208e+30,278.19512939453125,1.0,0.0,1.0,-7.896423630882055e-05,0.0,1.0751943588256836,0.0,71.74661254882812,-0.6449658870697021,265.9520568847656,0.0,0.0,0.0,0.0,0.0,121.0,0.002006565220654,276.5767822265625,4.2046649468829855e-06,6.942827440070687e-06,0.0,-20.71640014648437,-inf,98.415771484375,1.4000000192027072e-05,0.0077232443727552,278.19512939453125,-6.955830097198486,0.0,0.0,0.0,0.0,14.0,626.0768432617188,275.2939147949219,0.0,0.0,1.2448261976242063,680.5184326171875,0.0,1020.365478515625,0.0,0.0,1019.1537475585938,0.0,0.0012721549719572,0.0336495302617549,0.0824674069881439,-1.3600671291351318,-1.363374948501587,0.0,17.0,90.0,2.2475948333740234,2.3944642543792725,0.0125420372933149,0.0052518364973366
18,2523,2523,18,2022-03-01 20:00:00+00:00,a19a08,39.078369140625,-74.67251984969431,520.0,42.74052219702372,-1088.0,N202GA,0.0,0.0,0.0,3610.0,25450.0,25025.0,[ 1408236164 -1408232083 -1408233901   970515234   970514683],2022-03-01 20:00:00+00:00,460689.43096803495,-51447.10158123764,42.74052219702372,N202GA_033,DESCENT,2.0,277.2953796386719,4.128138542175293,0.0799999982118606,0.0799999982118606,0.0,5081.1240234375,9.544516615278552e-06,0.0,0.0,0.0,3.9525256156921382,0.0014543831348419,0.0012018048437312,0.25,0.25,9.999999848243208e+30,278.2153625488281,1.0,0.0,1.0,0.0001338958827545,0.0,1.371707558631897,0.0,59.8333740234375,3.2330942153930664,278.0833740234375,0.0,0.0,0.0,0.0,0.0,139.53482055664062,0.0020201930310577,275.78533935546875,1.4273740816861393e-05,5.162606976227835e-05,0.0,-10.252351760864258,-48.34878540039063,99.99851989746094,1.4000000192027072e-05,0.007451694458723,278.2153625488281,-4.310270309448242,0.0,0.0,0.0,0.0,14.0,586.0807495117188,275.1900939941406,0.0,0.917513370513916,1.2273982763290403,637.044189453125,0.0,1020.4573974609376,9.544516615278552e-06,0.0,1019.2023315429688,0.0,0.0353951901197433,0.0134251583367586,0.0770727470517158,-1.4133085012435913,-1.4181522130966189,0.0,17.0,90.0,1.7343984842300415,1.7308108806610107,0.0126449326053261,0.0050465487875044
19,2524,2524,19,2022-03-01 20:01:00+00:00,a19a08,39.18145751953125,-74.54975957455844,507.0,42.84343732528521,-1024.0,N202GA,0.0,0.0,0.0,3610.0,24425.0,23725.0,"[-1408233589  1408236164  1766127054 -1408232083 -1408233901 -1408235039
   970515234 -1408232857   970514683 -1408232522 -1408232348]",2022-03-01 20:00:00+00:00,470396.9176694794,-39632.38629602855,42.84343732528521,N202GA_033,DESCENT,2.0,277.0740051269531,3.862673759460449,0.0799999982118606,0.0799999982118606,0.0,4703.1123046875,7.1005015342962e-06,0.0,0.0,0.0,3.688166856765747,0.0014480841346085,0.0012064108159393,0.25,0.25,9.999999848243208e+30,278.1884155273437,1.0,0.0,1.0,0.0001945495605468,0.0,2.0403389930725098,0.0,59.13784790039063,4.924240589141846,278.65576171875,0.0,0.0,0.0,0.0,0.0,93.0,0.0020206316839903,275.5212097167969,1.756700294208713e-05,7.068221020745113e-05,0.0,-2.429422378540039,-50.69087219238281,99.99835205078124,1.4000000192027072e-05,0.0072029810398817,278.1884155273437,-3.9685001373291016,0.0,0.0,0.0,0.0,14.0,580.5745849609375,275.0884094238281,0.0,0.9326938390731812,1.1827020645141602,631.0590209960938,0.0,1020.5357055664062,7.1005015342962e-06,0.0,1019.2036743164062,0.0,0.0447538420557975,0.029376933351159,0.0857265889644622,-1.66717791557312,-1.7762409448623655,0.0,17.0,90.0,1.6412099599838257,1.7055765390396118,0.0160043202340602,0.004952454008162
20,2525,2525,20,2022-03-01 20:02:00+00:00,a19a08,39.28385925292969,-74.42753667416781,507.0,42.920340775222655,-1088.0,N202GA,0.0,0.0,0.0,3610.0,23375.0,23000.0,"[-1408233589 -1408234903 -1408233901 -1408236891 -1408235039  1408236164
  1766127054 -1408232083 -1408233323 -1408236044   970515234 -1408232857
   970514683 -1408232522 -1408232348]",2022-03-01 20:00:00+00:00,480032.8567515616,-27882.58007308048,42.920340775222655,N202GA_033,DESCENT,2.0,276.86431884765625,3.700713634490967,0.0799999982118606,0.0799999982118606,0.0,4787.93603515625,5.48367461306043e-06,0.0,0.0,0.0,3.526770830154419,0.0013540002983063,0.0011556345270946,0.25,0.25,9.999999848243208e+30,277.8908996582031,1.0,0.0,1.0,-2.28881845032447e-06,0.0,3.25513219833374,0.0,56.47064208984375,4.600089550018311,279.91534423828125,0.0,0.0,0.0,0.0,0.0,50.0,0.002034195465967,275.3564147949219,1.4759202713321429e-05,6.55307449051179e-05,0.0,-0.3360870778560638,-52.73870086669922,99.9984130859375,1.4000000192027072e-05,0.0072603952139616,277.8908996582031,-4.811978340148926,0.0,0.0,0.0,0.0,14.0,552.3402099609375,274.9178161621094,0.0,0.8092219829559326,1.0617663860321045,600.3700561523438,0.0,1020.5521850585938,5.48367461306043e-06,0.0,1019.2517700195312,0.0,0.0378376133739948,0.0245395898818969,0.1010400131344795,-2.3082504272460938,-2.399446964263916,0.0,17.0,90.0,1.928087949752808,2.0276119709014893,0.0220711827278137,0.004895563237369
21,2526,2526,21,2022-03-01 20:03:00+00:00,a19a08,39.386810302734375,-74.30394048276156,502.0,43.06397841707258,-1024.0,N202GA,0.0,0.0,0.0,3610.0,22375.0,21975.0,"[-1408233589 -1408234903 -1408233901 -1408235039   214755386  1408236164
  1766127054 -1408232083 -1408233323 -1408234405 -1408236044   970514683
 -1408232522 -1408232348]",2022-03-01 20:00:00+00:00,489750.1654041708,-16053.499774188876,43.06397841707258,N202GA_033,DESCENT,2.0,277.1556091308594,3.978782176971436,0.0799999982118606,0.0799999982118606,0.0,4933.49609375,0.0,0.0,0.0,0.0,3.700634479522705,0.0012180797057226,0.0011162894079461,0.25,0.25,9.999999848243208e+30,277.788330078125,1.0,0.0,1.0,0.0,0.0,5.732020854949951,0.0,52.2655029296875,3.0195374488830566,283.6694641113281,0.0,0.0,0.0,0.0,0.0,70.0,0.0020422940142452,275.6307373046875,9.658900125941727e-06,4.598673331202008e-05,0.0,-1.2261676788330078,-inf,99.2725067138672,1.4000000192027072e-05,0.0070157661102712,277.788330078125,-8.27928638458252,0.0,0.0,0.0,0.0,14.0,517.8753051757812,274.8210754394531,0.0,0.0,0.9537163972854614,562.9078979492188,0.0,1020.57421875,0.0,0.0,1019.2807006835938,0.0,0.0207020677626132,0.0396061614155769,0.1384372562170028,-3.16788649559021,-3.3394062519073486,0.0,17.0,90.0,2.901262044906616,2.9611637592315674,0.0387662947177886,0.0049564777873456
22,2527,2527,22,2022-03-01 20:04:00+00:00,a19a08,39.48751831054688,-74.18249379033625,485.0,43.07692257347206,-960.0,N202GA,0.0,0.0,0.0,3610.0,21350.0,20975.0,"[-1408233589  1408236164   970505937  1766127054 -1408234903 -1408232083
 -1408233323 -1408236044 -1408235039 -1408232522   214755386 -1408232348]",2022-03-01 20:00:00+00:00,499271.40889828623,-4467.023852070758,43.07692257347206,N202GA_033,DESCENT,2.0,277.2061462402344,4.042067527770996,0.0799999982118606,0.0799999982118606,0.0,4879.70166015625,0.0,0.0,0.0,0.0,3.330345869064331,0.0011923789279535,0.0011608181521296,0.3384925425052643,0.2805119454860687,9.999999848243208e+30,277.915283203125,1.0,0.0,1.0,0.0,0.0,10.83102798461914,0.0,48.896240234375,3.182203769683838,287.6836853027344,0.0,0.0,0.0,0.0,0.0,93.0,0.0020719498861581,275.685546875,1.5452087609446608e-05,4.679067569668405e-05,0.0,-0.9588555097579956,-inf,96.27483367919922,1.4000000192027072e-05,0.006769168190658,277.915283203125,-9.384832382202148,0.0,0.0,0.0,0.0,14.0,487.818603515625,274.7265625,0.0,0.0,0.8605107069015503,530.2376708984375,0.0,1020.5859985351562,0.0,0.0,1019.3859252929688,0.0,0.0222929306328296,0.0720687732100486,0.1745842695236206,-3.650491952896118,-3.8036375045776367,0.0,17.0,90.0,3.5910141468048096,3.683342933654785,0.0585897751152515,0.004826764576137
23,2528,2528,23,2022-03-01 20:05:00+00:00,a19a08,39.57778154793432,-74.05401611328125,490.0,48.638186577864666,-192.0,N202GA,0.0,0.0,0.0,3610.0,20975.0,20600.0,"[-1408233589  1408236164  1766127054 -1408232083 -1408232035 -1408233323
 -1408235039   970500339 -1408232522   214755386 -1408232348]",2022-03-01 20:00:00+00:00,509428.2426462267,6036.979828194639,48.638186577864666,N202GA_033,LEVEL,2.0,277.6029663085937,4.439868450164795,0.0799999982118606,0.0799999982118606,0.0,4662.05859375,0.0,0.0,0.0,0.0,3.079403877258301,0.0011704763164743,0.0011686687357723,0.5303412079811096,0.4292705357074737,9.999999848243208e+30,278.1257629394531,1.0,0.0,1.0,0.0,0.0,15.48084545135498,0.0,45.33663940429688,1.8001433610916138,292.2938842773437,0.0,0.0,0.0,0.0,0.0,121.0,0.0020833124872297,276.0780639648437,2.068653702735901e-05,2.9879323847126216e-05,0.0,2.1906704902648926,-inf,91.97217559814452,1.4000000192027072e-05,0.0065353722311556,278.1257629394531,-11.48182773590088,0.0,0.0,0.0,0.0,14.0,463.4118957519531,274.6342468261719,0.0,0.0,0.7814302444458008,503.70849609375,0.0,1020.6326293945312,0.0,0.0,1019.4260864257812,0.0,0.0150024071335792,0.0839179307222366,0.1903348267078399,-3.398473262786865,-3.5960817337036133,0.0,17.0,90.0,4.145578861236572,4.385090351104736,0.0720602720975875,0.0047407639212906
24,2529,2529,24,2022-03-01 20:06:00+00:00,a19a08,39.67222595214844,-73.93345045006794,449.0,44.36841856422642,-1024.0,N202GA,0.0,0.0,0.0,3610.0,20175.0,19775.0,"[-1408234109 -1408233589 -1408233328  1408236164   970505937  1766127054
 -1408232083 -1408232035 -1408236891 -1408233323 -1408235039   970500339
   214755386]",2022-03-01 20:00:00+00:00,518862.3329165882,16963.651777783132,44.36841856422642,N202GA_033,DESCENT,2.0,277.6651611328125,4.52822208404541,0.0799999982118606,0.0799999982118606,0.0,4399.4619140625,0.0,0.0,0.0,0.0,2.875032663345337,0.0011796030448749,0.0011758034816011,0.5033408999443054,0.4099657237529754,9.999999848243208e+30,278.30126953125,1.0,0.0,1.0,0.0,0.0,19.343647003173828,0.0,44.861724853515625,1.9358566999435425,293.6214599609375,0.0,0.0,0.0,0.0,0.0,121.0,0.0021211709827184,276.155517578125,2.545330607972573e-05,3.12943993776571e-05,0.0,7.593718528747559,-inf,90.0871124267578,1.4000000192027072e-05,0.0063220304436981,278.30126953125,-10.84504508972168,0.0,0.0,0.0,0.0,14.0,466.7039489746094,274.5442199707031,0.0,0.0,0.7679794430732727,507.2870178222656,0.0,1020.6626586914062,0.0,0.0,1019.5606689453124,0.0,0.0186239648610353,0.0859959796071052,0.1899874359369278,-2.8596749305725098,-3.0471909046173096,0.0,17.0,90.0,4.393393039703369,4.723917484283447,0.0780637934803962,0.0046712826006114
25,2530,2530,25,2022-03-01 20:07:00+00:00,a19a08,39.75993347167969,-73.82275125254756,440.0,44.44732473505185,-2560.0,N202GA,0.0,0.0,0.0,3610.0,18500.0,18200.0,"[-1408234109  1408236164  1766127054 -1408234903 -1408232035  1549351549
 -1408237439 -1408236891 -1408233323 -1408232522 -1408237441   214755386]",2022-03-01 20:00:00+00:00,527492.4272451274,27114.30942425842,44.44732473505185,N202GA_033,DESCENT,2.0,277.7010803222656,4.543647766113281,0.0799999982118606,0.0799999982118606,0.0,4072.355712890625,0.0,0.0,0.0,0.0,2.6099231243133545,0.0011810633586719,0.0011810973519459,0.5322766900062561,0.4337708950042724,9.999999848243208e+30,278.3489990234375,1.0,0.0,1.0,0.0,0.0,22.791601181030277,0.0,43.095245361328125,1.917082905769348,295.6365966796875,0.0,0.0,0.0,0.0,0.0,121.0,0.0021026609465479,276.17596435546875,2.9042294045211747e-05,3.0487790354527533e-05,0.0,9.930630683898926,-inf,88.30766296386719,1.4000000192027072e-05,0.0065218852832913,278.3489990234375,-10.498236656188965,0.0,0.0,0.0,0.0,14.0,452.9049682617188,274.43121337890625,0.0,0.0,0.7170621752738953,492.2880554199219,0.0,1020.6419067382812,0.0,0.0,1019.4946899414062,0.0,0.0193424709141254,0.089625172317028,0.1922391206026077,-2.5972957611083984,-2.800203561782837,0.0,17.0,90.0,4.637526512145996,4.905039310455322,0.0842753052711486,0.004583619069308
26,2531,2531,26,2022-03-01 20:08:00+00:00,a19a08,39.84521484375,-73.71444038722825,431.0,44.434599476731215,-128.0,N202GA,0.0,0.0,0.0,3610.0,16850.0,16525.0,"[-1408233328 -1408237135  1408236164  1766127054 -1408234903 -1408232035
 -1408237439 -1408232220 -1408233323   970500339 -1408237441   214755386]",2022-03-01 20:00:00+00:00,535917.3517969181,36997.744818586536,44.434599476731215,N202GA_033,LEVEL,2.0,277.85565185546875,4.69788932800293,0.0799999982118606,0.0799999982118606,0.0,3763.6005859375,0.0,0.0,0.0,0.0,2.349559545516968,0.0011945380829274,0.0012030422221869,0.4687147736549377,0.3874095380306244,9.999999848243208e+30,278.7268981933594,1.0,0.0,1.0,0.0,0.0,29.859731674194336,0.0,43.972747802734375,2.731275081634521,296.5820617675781,0.0,0.0,0.0,0.0,0.0,154.0,0.0021244243253022,276.3233642578125,3.70798516087234e-05,3.963894414482638e-05,0.0,12.695364952087402,-inf,85.75334930419922,1.4000000192027072e-05,0.0063813477754592,278.7268981933594,-8.76512336730957,0.0,0.0,0.0,0.0,14.0,449.63427734375,274.3450622558594,0.0,0.0,0.6935298442840576,488.73284912109375,0.0,1020.6500244140624,0.0,0.0,1019.5720825195312,0.0,0.0273253824561834,0.0962047725915908,0.1976936310529709,-2.3925013542175293,-2.584144115447998,0.0,17.0,90.0,4.927944183349609,5.115563869476318,0.0942936688661575,0.0044983457773923
27,2532,2532,27,2022-03-01 20:09:00+00:00,a19a08,39.92994689941406,-73.60650634765625,425.0,44.52334061824688,-1792.0,N202GA,0.0,0.0,0.0,3610.0,15475.0,15125.0,"[-1408233328  1408236164  1766127054 -1408234903 -1408232035 -1408237439
  1549351549 -1408236891 -1408233323   214755386 -1408237441]",2022-03-01 20:00:00+00:00,544292.3819451348,46828.92478165187,44.52334061824688,N202GA_033,DESCENT,2.0,278.0502014160156,4.881680011749268,0.0799999982118606,0.0799999982118606,0.0,3607.16552734375,0.0,0.0,0.0,0.0,1.9501255750656128,0.0012025170726701,0.0012360820546746,0.4798558950424194,0.4011099636554718,9.999999848243208e+30,279.1928100585937,1.0,0.0,1.0,0.0,0.0,40.9594612121582,0.0,46.632904052734375,3.854521989822388,296.1636047363281,0.0,0.0,0.0,0.0,0.0,235.0,0.002107540378347,276.51080322265625,4.7460813220823184e-05,5.24779170518741e-05,0.0,14.375720024108888,-inf,82.27556610107422,1.4000000192027072e-05,0.0062954812310636,279.1928100585937,-6.510887622833252,0.0,0.0,0.0,0.0,14.0,450.6434020996094,274.2611389160156,0.0,0.0,0.679570198059082,489.8298950195313,0.0,1020.7008056640624,0.0,0.0,1019.5119018554688,0.0,0.0363180115818977,0.1152492761611938,0.2123918831348419,-2.3079371452331543,-2.4952797889709477,0.0,17.0,90.0,5.309671401977539,5.540402412414551,0.112700805068016,0.0043710912577807
28,2533,2533,28,2022-03-01 20:10:00+00:00,a19a08,40.01234668796345,-73.5011568936435,414.0,44.608908602942975,-64.0,N202GA,0.0,0.0,0.0,3610.0,14825.0,14500.0,"[-1408233328  1408236164  1766127054 -1408232035 -1408237439  1549351549
 -1408233323   970514683   214755386 -1408237441]",2022-03-01 20:00:00+00:00,552447.6003542683,56400.948987623415,44.608908602942975,N202GA_033,LEVEL,2.0,278.0961608886719,4.910319805145264,0.0799999982118606,0.0799999982118606,0.0,3564.48876953125,0.0,0.0,0.0,0.0,1.5259864330291748,0.0011944650905206,0.0012274655746296,0.592724621295929,0.4885324835777282,9.999999848243208e+30,279.03338623046875,1.0,0.0,1.0,0.0,0.0,42.15742874145508,0.0,47.07135009765625,2.8499197959899902,294.9430847167969,0.0,0.0,0.0,0.0,0.0,336.0,0.0021225658711045,276.53515625,4.964500476489775e-05,4.072467345395125e-05,0.0,15.82789421081543,-inf,79.65190887451172,1.4000000192027072e-05,0.0062364717014133,279.03338623046875,-9.354243278503418,0.0,0.0,0.0,0.0,14.0,452.3429565429688,274.1827697753906,0.0,0.0,0.6686920523643494,491.677001953125,0.0,1020.7993774414062,0.0,0.0,1019.565185546875,0.0,0.0299699995666742,0.1156237423419952,0.2120704352855682,-2.0069684982299805,-2.179097414016724,0.0,17.0,90.0,5.295123100280762,5.604643821716309,0.1162600591778755,0.0042390525341033
29,2534,2534,29,2022-03-01 20:11:00+00:00,a19a08,40.09292861162606,-73.39753584428269,375.0,44.78379053753763,-64.0,N202GA,0.0,0.0,0.0,3610.0,14825.0,14500.0,"[-1408233328  1408236164  1766127054 -1408232035 -1408237439  1549351549
 -1408233323 -1408235039   970514683   214755386 -1408237441]",2022-03-01 20:00:00+00:00,560451.9380891414,65774.19025232903,44.78379053753763,N202GA_033,LEVEL,2.0,277.8808898925781,4.708976745605469,0.0799999982118606,0.0799999982118606,0.0,3534.431884765625,0.0,0.0,0.0,0.0,1.2161296606063845,0.0011788217816501,0.0011878425721079,0.7226824760437012,0.5855739712715149,9.999999848243208e+30,278.4442443847656,1.0,0.0,1.0,0.0,0.0,35.808311462402344,0.0,44.91961669921875,1.085561752319336,294.2548217773437,0.0,0.0,0.0,0.0,0.0,1249.0,0.0021180985495448,276.33612060546875,4.510771395871416e-05,2.011574906646274e-05,0.0,16.457292556762695,-inf,79.0009765625,1.4000000192027072e-05,0.0065483711659908,278.4442443847656,-12.996761322021484,0.0,0.0,0.0,0.0,14.0,449.1365356445313,274.08892822265625,0.0,0.0,0.6524389982223511,488.1917724609375,0.0,1020.8634033203124,0.0,0.0,1019.5497436523438,0.0,0.0165839493274688,0.101200595498085,0.1968209147453308,-1.896681547164917,-2.044971227645874,0.0,17.0,90.0,4.943902492523193,5.303215980529785,0.1047009974718093,0.0041451104916632
30,2535,2535,30,2022-03-01 20:12:00+00:00,a19a08,40.1621052370233,-73.30852161754262,343.0,44.64559763632568,0.0,N202GA,0.0,0.0,0.0,3610.0,14825.0,14500.0,"[ 1408236164  1766127054 -1408232035 -1408237439  1549351549   214755386
 -1408237441]",2022-03-01 20:00:00+00:00,567311.9433128689,73828.11187263743,44.64559763632568,N202GA_033,LEVEL,2.0,277.90875244140625,4.724827289581299,0.0799999982118606,0.0799999982118606,0.0,3789.869873046875,0.0,0.0,0.0,0.0,1.0924140214920044,0.0011756010353565,0.0011756600579246,0.6590179800987244,0.5323415994644165,9.999999848243208e+30,278.3671875,1.0,0.0,1.0,0.0,0.0,37.07304382324219,0.0,46.874755859375,0.6937797665596008,291.9069519042969,0.0,0.0,0.0,0.0,0.0,676.0,0.0021499313879758,276.3431396484375,4.554602855932899e-05,1.5514317055931315e-05,0.0,14.552976608276367,-inf,78.21332550048828,1.4000000192027072e-05,0.0061876587569713,278.3671875,-12.549416542053224,0.0,0.0,0.0,0.0,14.0,442.10064697265625,274.0805969238281,0.0,0.0,0.6466572880744934,480.5440979003906,0.0,1020.954345703125,0.0,0.0,1019.6626586914062,0.0,0.0136567139998078,0.0903733223676681,0.1917926371097564,-1.7693288326263428,-1.9218138456344604,0.0,17.0,90.0,4.885595798492432,5.191638469696045,0.1035436540842056,0.0041076494380831
31,2536,2536,31,2022-03-01 20:13:00+00:00,a19a08,40.22951287738347,-73.22150490500712,338.0,44.76027010391915,-1792.0,N202GA,0.0,0.0,0.0,3610.0,13400.0,13150.0,"[ 1408236164  1766127054 -1408232035 -1408237439  1549351549 -1408232220
   214755386 -1408237441]",2022-03-01 20:00:00+00:00,574005.1449538792,81684.016747943,44.76027010391915,N202GA_033,DESCENT,2.0,277.7732238769531,4.594570159912109,0.0799999982118606,0.0799999982118606,0.0,4132.015625,0.0,0.0,0.0,0.0,0.9069662094116212,0.0011683352058753,0.0011630451772361,0.7755003571510315,0.6234338283538818,9.999999848243208e+30,278.11627197265625,1.0,0.0,1.0,0.0,0.0,36.70420455932617,0.0,47.98165893554688,0.0764395743608474,289.5763854980469,0.0,0.0,0.0,0.0,0.0,676.0,0.0021575454156845,276.2115173339844,4.3996878957841545e-05,8.18941589386668e-06,0.0,12.217687606811523,-inf,77.88117980957031,1.4000000192027072e-05,0.0065207872539758,278.11627197265625,-12.541007041931152,0.0,0.0,0.0,0.0,14.0,432.4922790527344,273.985107421875,0.0,0.0,0.6311259865760803,470.1004638671875,0.0,1020.9624633789062,0.0,0.0,1019.6896362304688,0.0,0.0094909435138106,0.0964512154459953,0.1870732307434082,-1.7402318716049194,-1.8810362815856931,0.0,17.0,90.0,4.838130474090576,5.151600360870361,0.1030789017677307,0.0040526408702135
32,2537,2537,32,2022-03-01 20:14:00+00:00,a19a08,40.29501187599311,-73.13673539595169,328.0,44.75303696257376,-1664.0,N202GA,0.0,0.0,0.0,3610.0,11750.0,11450.0,"[ 1408236164  1766127054 -1408232035 -1408237439  1549351549 -1408232244
   214755386 -1408237441]",2022-03-01 20:00:00+00:00,580513.0089937014,89324.73914819291,44.75303696257376,N202GA_033,DESCENT,2.0,277.81707763671875,4.630259990692139,0.0799999982118606,0.0799999982118606,0.0,4299.38671875,0.0,0.0,0.0,0.0,0.7739821076393127,0.0011693413835018,0.0011766359675675,0.825016438961029,0.6638234853744507,9.999999848243208e+30,278.2030639648437,1.0,0.0,1.0,0.0,0.0,40.1786994934082,0.0,47.49429321289063,0.3581492900848388,290.4877014160156,0.0,0.0,0.0,0.0,0.0,759.0,0.0021559360902756,276.2474670410156,4.6223369281506166e-05,1.1100011761300266e-05,0.0,11.106990814208984,-inf,76.9448013305664,1.4000000192027072e-05,0.0065282322466373,278.2030639648437,-11.984908103942873,0.0,0.0,0.0,0.0,14.0,417.8735046386719,273.9497985839844,0.0,0.0,0.6008917093276978,454.2103271484375,0.0,1020.9903564453124,0.0,0.0,1019.6837158203124,0.0,0.011018113233149,0.1002499088644981,0.1946453154087066,-1.6138900518417358,-1.7885197401046753,0.0,17.0,90.0,5.064970970153809,5.3586931228637695,0.111087791621685,0.0040137064643204
33,2538,2538,33,2022-03-01 20:15:00+00:00,a19a08,40.3595798298464,-73.05296464399856,317.0,44.74421696926074,-64.0,N202GA,0.0,0.0,0.0,3610.0,10825.0,10575.0,"[ 1408236164  1766127054 -1408232035 -1408237439  1549351549   214755386
 -1408237441]",2022-03-01 20:00:00+00:00,586702.50343823,96597.1946927257,44.74421696926074,N202GA_033,LEVEL,2.0,277.86114501953125,4.670836925506592,0.0799999982118606,0.0799999982118606,0.0,4042.712646484375,0.0,0.0,0.0,0.0,0.5111204385757446,0.0011739317560568,0.0012008702615275,0.8599808812141418,0.6941239237785339,9.999999848243208e+30,278.36376953125,1.0,0.0,1.0,0.0,0.0,45.95222091674805,0.0,49.07470703125,0.6981987357139587,289.6681823730469,0.0,0.0,0.0,0.0,0.0,1249.0,0.0022080400958657,276.27349853515625,5.060882176621817e-05,1.4729625036125071e-05,0.0,11.86070442199707,-inf,75.28284454345703,1.4000000192027072e-05,0.0065655107609927,278.36376953125,-11.01136302947998,0.0,0.0,0.0,0.0,14.0,409.01800537109375,273.8782958984375,0.0,0.0,0.5744408965110779,444.5849609375,0.0,1021.0306396484376,0.0,0.0,1019.8687133789062,0.0,0.0152870947495102,0.1150724291801452,0.2073003202676773,-1.6579504013061523,-1.8176147937774656,0.0,17.0,90.0,5.2237868309021,5.580804347991943,0.1244827285408973,0.0039369780570268
34,2539,2539,34,2022-03-01 20:16:00+00:00,a19a08,40.42034912109375,-72.97381591796875,316.0,44.871821736176464,-448.0,N202GA,0.0,0.0,0.0,3610.0,10800.0,10550.0,"[ 1408236164  1766127054 -1408232035 -1408237439  1549351549   970496204
   214755386 -1408237441]",2022-03-01 20:00:00+00:00,592986.7936974828,103966.62655175454,44.871821736176464,N202GA_033,DESCENT,2.0,277.8272705078125,4.638376235961914,0.0799999982118606,0.0799999982118606,0.0,3858.92138671875,0.0,0.0,0.0,0.0,0.4050826728343963,0.0011743853101506,0.0012010145001113,0.8589644432067871,0.6933838129043579,9.999999848243208e+30,278.3387145996094,1.0,0.0,1.0,0.0,0.0,46.44175338745117,0.0,48.33538818359375,0.7982208728790283,290.2939147949219,0.0,0.0,0.0,0.0,0.0,1141.0,0.0022034996654838,276.2424621582031,5.131576472194865e-05,1.573443842062261e-05,0.0,13.13188934326172,-inf,74.87712860107422,1.4000000192027072e-05,0.0065964986570179,278.3387145996094,-10.906598091125488,0.0,0.0,0.0,0.0,14.0,405.23834228515625,273.8420104980469,0.0,0.0,0.5612345933914185,440.4764709472656,0.0,1021.0623779296876,0.0,0.0,1019.8526611328124,0.0,0.0152827724814414,0.1144746243953704,0.2066563367843628,-1.617453932762146,-1.81851327419281,0.0,17.0,90.0,5.240556716918945,5.57643985748291,0.1251906305551529,0.0039067543111741
35,2540,2540,35,2022-03-01 20:17:00+00:00,a19a08,40.48287963867188,-72.89215087890625,305.0,44.867063395126,-1536.0,N202GA,0.0,0.0,0.0,3610.0,9350.0,9150.0,"[-1408237441  1766127054 -1408232035 -1408237439  1549351549   970496204
   214755386 -1408236131]",2022-03-01 20:00:00+00:00,598561.3888291046,110510.17706112354,44.867063395126,N202GA_033,DESCENT,2.0,277.7637023925781,4.575895309448242,0.0799999982118606,0.0799999982118606,0.0,3589.100341796875,0.0,0.0,0.0,0.0,0.3107120990753174,0.0011759235057979,0.0011931613553315,0.8345047831535339,0.6740546822547913,9.999999848243208e+30,278.2603759765625,1.0,0.0,1.0,0.0,0.0,45.454566955566406,0.0,47.33590698242188,0.7532891035079956,290.9246826171875,0.0,0.0,0.0,0.0,0.0,1249.0,0.0022364596370607,276.1712646484375,5.1467035518726334e-05,1.518110184406396e-05,0.0,14.338770866394045,-inf,74.69290161132812,1.4000000192027072e-05,0.0066365404054522,278.2603759765625,-10.975381851196287,0.0,0.0,0.0,0.0,14.0,406.0693359375,273.8053894042969,0.0,0.0,0.5583580732345581,441.3797912597656,0.0,1021.1267700195312,0.0,0.0,1019.9698486328124,0.0,0.0150164617225527,0.1099978685379028,0.2015776187181472,-1.5907893180847168,-1.8677825927734373,0.0,17.0,90.0,5.106560707092285,5.375763893127441,0.1217907965183258,0.0038795296568423
36,2541,2541,36,2022-03-01 20:18:00+00:00,a19a08,40.5421142578125,-72.81463623046875,316.0,44.871821736176464,-64.0,N202GA,0.0,0.0,0.0,3610.0,8825.0,8600.0,"[-1408237441 -1408232035 -1408237439  1549351549   970496204   214755386
 -1408236131]",2022-03-01 20:00:00+00:00,605131.6702358377,118217.72049053834,44.871821736176464,N202GA_033,LEVEL,2.0,277.5447692871094,4.35797929763794,0.0799999982118606,0.0799999982118606,0.0,3507.794189453125,0.0,0.0,0.0,0.0,0.192132830619812,0.0011736014857888,0.0011588300112634,0.6597229838371277,0.5311897993087769,9.999999848243208e+30,277.89764404296875,1.0,0.0,1.0,0.0,0.0,38.28159713745117,0.0,46.216644287109375,0.0984550714492797,290.3053894042969,0.0,0.0,0.0,0.0,0.0,1249.0,0.0022636472713202,275.9471130371094,4.870003613177687e-05,7.673737854929641e-06,0.0,14.696630477905272,-inf,75.19279479980469,1.4000000192027072e-05,0.0070671434514224,277.89764404296875,-12.305593490600586,0.0,0.0,0.0,0.0,14.0,412.4741516113281,273.7063293457031,0.0,0.0,0.5645558834075928,448.3414611816406,0.0,1021.2317504882812,0.0,0.0,1020.06640625,0.0,0.0101518025621771,0.083663210272789,0.1825691759586334,-1.633625864982605,-1.8323484659194944,0.0,17.0,90.0,4.541048049926758,4.893337249755859,0.1030019074678421,0.0038457580376416
37,2542,2542,37,2022-03-01 20:19:00+00:00,a19a08,40.606865317134535,-72.73398659446025,305.0,37.13306538608733,-1664.0,N202GA,0.0,0.0,0.0,3610.0,8525.0,8350.0,"[-1408237441  1766127054 -1408237439 -1408234445  1549351549   970496204
   214755386 -1408236131]",2022-03-01 20:00:00+00:00,610986.1525713593,125374.78748493042,37.13306538608733,N202GA_033,DESCENT,2.0,277.442138671875,4.283984661102295,0.0799999982118606,0.0799999982118606,0.0,3287.001708984375,0.0,0.0,0.0,0.0,0.0216969028115272,0.0011872140457853,0.0011787224793806,0.7314361929893494,0.5952470302581787,9.999999848243208e+30,278.033203125,1.0,0.0,1.0,0.0,0.0,39.353965759277344,0.0,45.111083984375,1.111777424812317,292.0752258300781,0.0,0.0,0.0,0.0,0.0,1038.0,0.0023121305275708,275.8602294921875,5.207057256484404e-05,1.949351826624479e-05,0.0,16.023832321166992,-inf,74.65528869628906,1.4000000192027072e-05,0.0068183206021785,278.033203125,-11.243560791015623,0.0,0.0,0.0,0.0,14.0,419.136962890625,273.6934814453125,0.0,0.0,0.5724625587463379,455.5837097167969,0.0,1021.4063110351562,0.0,0.0,1020.2386474609376,0.0,0.0176065191626548,0.1007513850927352,0.1881212294101715,-1.3538182973861694,-1.6286243200302124,0.0,17.0,90.0,4.80295991897583,5.124486923217773,0.1009359061717987,0.0037975597660988
38,2543,2543,38,2022-03-01 20:20:00+00:00,a19a08,40.67459882315943,-72.66813104802912,309.0,36.72175116406421,-1472.0,N202GA,0.0,0.0,0.0,3610.0,7050.0,6900.0,"[-1408237441  1766127054 -1408237439 -1408234445  1549351549   970496204
   214755386 -1408236131]",2022-03-01 20:00:00+00:00,615847.6981542046,133181.62775917002,36.72175116406421,N202GA_033,DESCENT,2.0,277.2325134277344,4.038296222686768,0.0799999982118606,0.0799999982118606,0.0,3054.526123046875,0.0,0.0,0.0,0.0,-0.0350397527217865,0.001192747731693,0.0011320207267999,0.5107190608978271,0.4151471853256225,9.999999848243208e+30,277.6229553222656,1.0,0.0,1.0,0.0,0.0,31.785057067871094,0.0,42.59518432617188,0.3726201355457306,292.6427001953125,0.0,0.0,0.0,0.0,0.0,1141.0,0.0023433079477399,275.607421875,4.874173828284256e-05,1.0704628948587924e-05,0.0,16.760129928588867,-inf,75.64205169677734,1.4000000192027072e-05,0.0072775562293827,277.6229553222656,-11.234339714050291,0.0,0.0,0.0,0.0,14.0,408.424072265625,273.5927734375,0.0,0.0,0.5522598624229431,443.9390869140625,0.0,1021.546142578125,0.0,0.0,1020.3490600585938,0.0,0.0120519315823912,0.0681759640574455,0.1588261574506759,-1.2808648347854614,-1.4874156713485718,0.0,17.0,90.0,3.8149545192718506,4.137147426605225,0.0786540582776069,0.0037814392708241
39,2544,2544,39,2022-03-01 20:21:00+00:00,a19a08,40.74320983886719,-72.601318359375,295.0,36.59817173140916,-1472.0,N202GA,0.0,0.0,0.0,3610.0,5550.0,5500.0,[-1408237439  1549351549   970496204 -1408236131 -1408237441],2022-03-01 20:00:00+00:00,620626.9780776832,140862.3572966535,36.59817173140916,N202GA_033,DESCENT,2.0,277.0589294433594,3.873967170715332,0.0799999982118606,0.0799999982118606,0.0,2983.479736328125,0.0,0.0,0.0,0.0,-0.0432089455425739,0.0012040223227813,0.0011243895860388,0.4431260228157043,0.3634430766105652,9.999999848243208e+30,277.49365234375,1.0,0.0,1.0,0.0,0.0,29.97467803955078,0.0,41.52435302734375,0.6216245889663696,293.10400390625,0.0,0.0,0.0,0.0,0.0,1141.0,0.002366664353758,275.4376525878906,4.7760451707290486e-05,1.35142117869691e-05,0.0,17.645179748535156,-inf,76.47631072998047,1.4000000192027072e-05,0.0073775867931544,277.49365234375,-10.31047821044922,0.0,0.0,0.0,0.0,14.0,404.8703308105469,273.5542297363281,0.0,0.0,0.5460033416748047,440.0764770507813,0.0,1021.6181030273438,0.0,0.0,1020.4318237304688,0.0,0.0135669391602277,0.0578592754900455,0.1498757898807525,-1.0270936489105225,-1.3154901266098022,0.0,17.0,90.0,3.762753009796143,3.9516656398773193,0.0727025046944618,0.003778874175623
40,2545,2545,40,2022-03-01 20:22:00+00:00,a19a08,40.8123779296875,-72.53375244140625,296.0,36.482769891693074,-64.0,N202GA,0.0,0.0,0.0,3610.0,4825.0,4700.0,[-1408237439  1549351549   970496204 -1408236131 -1408237441],2022-03-01 20:00:00+00:00,625249.8971125074,148306.8323559323,36.482769891693074,N202GA_033,LEVEL,2.0,276.88690185546875,3.718336582183838,0.0799999982118606,0.0799999982118606,0.0,2947.62109375,0.0,0.0,0.0,0.0,-0.2828438878059387,0.0011949901236221,0.0010750094661489,0.5192660689353943,0.417217880487442,9.999999848243208e+30,277.0594787597656,1.0,0.0,1.0,0.0,0.0,23.99717330932617,0.0,39.098236083984375,-0.620582103729248,293.47772216796875,0.0,0.0,0.0,0.0,0.0,1038.0,0.0024020397104322,275.2732238769531,4.5269494876265526e-05,-1.088685166905634e-06,0.0,20.41598892211914,-inf,75.98390197753906,1.4000000192027072e-05,0.0079287551343441,277.0594787597656,-9.523841857910156,0.0,0.0,0.0,0.0,14.0,396.7253112792969,273.45220947265625,0.0,0.0,0.5265197157859802,431.2232971191406,0.0,1021.646484375,0.0,0.0,1020.5576171875,0.0,0.0040308479219675,0.0542001985013484,0.1261911690235138,-0.9333999156951904,-1.0934020280838013,0.0,17.0,90.0,2.12866473197937,3.4551010131835938,0.0487087704241275,0.0037127609830349
41,2546,2546,41,2022-03-01 20:23:00+00:00,a19a08,40.87225962493379,-72.47512123801494,295.0,36.59817173140916,-64.0,N202GA,0.0,0.0,0.0,3610.0,4825.0,4700.0,[  970496204 -1408236131],2022-03-01 20:00:00+00:00,630237.804243277,156322.78386811898,36.59817173140916,N202GA_033,LEVEL,2.0,276.96600341796875,3.768097162246704,0.0799999982118606,0.0799999982118606,0.0,2962.415771484375,0.0,0.0,0.0,0.0,-0.5032591223716736,0.0011676143622025,0.0010740902507677,0.636663556098938,0.5068276524543762,9.999999848243208e+30,277.00347900390625,1.0,0.0,1.0,0.0,0.0,28.12850570678711,0.0,38.7392578125,-1.169799566268921,293.5730895996094,0.0,0.0,0.0,0.0,0.0,1038.0,0.0023950864560902,275.3246154785156,4.5648830564459786e-05,-7.534025371569442e-06,0.0,21.434633255004883,-inf,74.5121841430664,1.4000000192027072e-05,0.008075663819909,277.00347900390625,-11.053081512451172,0.0,0.0,0.0,0.0,14.0,394.7571105957031,273.4050598144531,0.0,0.0,0.5188598036766052,429.0837707519531,0.0,1021.6638793945312,0.0,0.0,1020.53271484375,0.0,-4.7838970203883946e-05,0.0611710362136364,0.13661690056324,-0.8915425539016724,-1.170969009399414,0.0,17.0,90.0,3.633657455444336,4.000515937805176,0.0630812719464302,0.0036533849779516
42,2547,2547,42,2022-03-01 20:24:00+00:00,a19a08,40.94096374511719,-72.40771484375,294.0,36.71420297604625,-64.0,N202GA,0.0,0.0,0.0,3610.0,4825.0,4700.0,[  970496204 -1408236131],2022-03-01 20:00:00+00:00,634550.6106514366,163259.9287442785,36.71420297604625,N202GA_033,LEVEL,2.0,277.42889404296875,4.310309410095215,0.1807156354188919,0.1807156354188919,6.662379746558145e-05,2877.74072265625,0.0,0.0,0.0,0.0,-0.6970400214195251,0.011844789609313,0.0203129276633262,1.2462866306304932,1.030444622039795,9.999999848243208e+30,279.38446044921875,0.6000000238418579,0.0,0.6252756118774414,0.0,0.0,161.06134033203125,1.0,46.541290283203125,4.5113701820373535,293.59442138671875,0.0,0.0,0.0,0.0,0.0,597.686279296875,0.0023426548577845,276.1379089355469,8.309862460009754e-05,5.914143184782006e-05,0.0,21.42932891845703,-inf,70.71905517578125,0.5137500166893005,0.0087361428886652,276.80450439453125,124.9462890625,0.0,0.0,0.0,0.0,4.0,368.4434814453125,273.29248046875,0.0,0.0,0.59844970703125,449.7139587402344,27.85370445251465,1018.0833129882812,0.0,0.0,1016.9900512695312,0.0,0.2040163427591323,0.5513291358947754,0.5290497541427612,-0.9314411878585817,-0.9250364303588868,14.0,4.0,90.0,2.869415760040283,3.728044271469116,0.7534528374671936,0.0036144375335425
43,2548,2548,43,2022-03-01 20:25:00+00:00,a19a08,41.01475524902344,-72.33514404296875,296.0,36.75367918553147,0.0,N202GA,0.0,0.0,0.0,3610.0,4825.0,4700.0,[  970496204 -1408236131],2022-03-01 20:00:00+00:00,639267.4695369132,170850.7509322147,36.75367918553147,N202GA_033,LEVEL,2.0,277.3747253417969,4.20543909072876,0.0799999982118606,0.0799999982118606,0.0,2932.2255859375,0.0,0.0,0.0,0.0,-0.988193929195404,0.0010338519932702,0.0009304172126576,0.5073824524879456,0.3971042037010193,9.999999848243208e+30,276.872314453125,1.0,0.0,1.0,0.0,0.0,25.825199127197266,0.0,39.0625,-3.80595326423645,292.6213684082031,0.0,0.0,0.0,0.0,0.0,940.0,0.0023831003345549,275.7626953125,4.615047873812728e-05,-3.7614558095810935e-05,0.0,20.28888511657715,-inf,69.74217987060547,1.4000000192027072e-05,0.008939734660089,276.872314453125,-12.307106971740724,0.0,0.0,0.0,0.0,14.0,418.8155822753906,273.2435913085937,0.0,0.0,0.55605548620224,455.2342529296875,0.0,1021.5977172851562,0.0,0.0,1020.4903564453124,0.0,-0.019282441586256,0.0631941631436348,0.1154885590076446,-0.9260204434394836,-0.9643370509147644,0.0,17.0,90.0,3.4809792041778564,3.882418155670166,0.0454350039362907,0.0035257244016975
44,2549,2549,44,2022-03-01 20:26:00+00:00,a19a08,41.0812791727357,-72.2695021195845,296.0,36.75367918553147,-64.0,N202GA,0.0,0.0,0.0,3610.0,4825.0,4700.0,[  970496204 -1408236131],2022-03-01 20:00:00+00:00,642052.0366621742,175325.02161271547,36.75367918553147,N202GA_033,LEVEL,2.0,276.9796142578125,3.795747756958008,0.0799999982118606,0.0799999982118606,0.0,2873.66259765625,0.0,0.0,0.0,0.0,-1.3215363025665283,0.0011389111168682,0.0010599072556942,0.7644290924072266,0.6041489243507385,9.999999848243208e+30,276.8640441894531,1.0,0.0,1.0,0.0,0.0,32.291412353515625,0.0,39.731292724609375,-1.8591138124465945,291.90643310546875,0.0,0.0,0.0,0.0,0.0,1038.0,0.0023927735164761,275.35272216796875,5.039027746533975e-05,-1.5099210941116326e-05,0.0,19.42027282714844,-inf,70.04937744140625,1.4000000192027072e-05,0.0098189795389771,276.8640441894531,-10.92862606048584,0.0,0.0,0.0,0.0,14.0,422.0600280761719,273.131103515625,0.0,0.0,0.5545420050621033,458.7608337402344,0.0,1021.6453247070312,0.0,0.0,1020.5247192382812,0.0,-0.0060062808915972,0.0516647733747959,0.1405502706766128,-0.758431613445282,-1.0220247507095337,0.0,17.0,90.0,4.072612762451172,4.435695648193359,0.0641322061419487,0.0034401132725179
45,2550,2550,45,2022-03-01 20:27:00+00:00,a19a08,41.14251708984375,-72.20562744140625,290.0,40.10885425621857,-64.0,N202GA,0.0,0.0,0.0,3610.0,4825.0,4700.0,[  970496204 -1408236131],2022-03-01 20:00:00+00:00,648963.773043624,186209.90690501456,40.10885425621857,N202GA_033,LEVEL,2.0,276.8559875488281,3.6728475093841553,0.0799999982118606,0.0799999982118606,0.0,2799.468994140625,0.0,0.0,0.0,0.0,-1.33022141456604,0.0011667464859783,0.0011076176306232,0.7876647710800171,0.6287473440170288,9.999999848243208e+30,276.9758605957031,1.0,0.0,1.0,0.0,0.0,35.80765914916992,0.0,40.60186767578125,-0.935108482837677,291.5599975585937,0.0,0.0,0.0,0.0,0.0,1038.0,0.0024161557666957,275.2241516113281,5.1929855544585735e-05,-4.421623089001514e-06,0.0,19.751842498779297,-inf,70.61369323730469,1.4000000192027072e-05,0.0101195713505148,276.9758605957031,-9.786798477172852,0.0,0.0,0.0,0.0,14.0,418.8514099121094,273.0823669433594,0.0,0.0,0.5530802607536316,455.2734375,0.0,1021.7138671875,0.0,0.0,1020.6075439453124,0.0,0.0020798305049538,0.0698771774768829,0.1569992452859878,-0.6600974202156067,-0.9255152940750122,0.0,17.0,90.0,4.387521743774414,4.762079238891602,0.0755027309060096,0.0034376305993646
46,2551,2551,46,2022-03-01 20:28:00+00:00,a19a08,41.19090969279661,-72.15102455832744,226.0,40.876092439684406,-64.0,N202GA,0.0,0.0,0.0,3610.0,4825.0,4700.0,[  970496204 -1408236131],2022-03-01 20:00:00+00:00,651633.7392139722,189982.18523719584,40.876092439684406,N202GA_033,LEVEL,2.0,276.69244384765625,3.512237071990967,0.0799999982118606,0.0799999982118606,0.0,2768.0419921875,0.0,0.0,0.0,0.0,-1.2818117141723633,0.0011819426435977,0.0011279330356046,0.731076180934906,0.588936984539032,9.999999848243208e+30,276.9848022460937,1.0,0.0,1.0,0.0,0.0,36.87448120117188,0.0,41.18179321289063,-0.1414229422807693,291.0168762207031,0.0,0.0,0.0,0.0,0.0,1364.0,0.0024166866205632,275.0643005371094,5.181183223612607e-05,4.622949745680671e-06,0.0,18.71945571899414,-inf,71.6725082397461,1.4000000192027072e-05,0.0107697453349828,276.9848022460937,-8.425662994384766,0.0,0.0,0.0,0.0,14.0,409.10064697265625,273.0186767578125,0.0,0.0,0.5408458113670349,444.6744995117188,0.0,1021.7003784179688,0.0,0.0,1020.6098022460938,0.0,0.0081763714551925,0.0755274817347526,0.1616311073303222,-0.5818836092948914,-0.8857192397117615,0.0,17.0,90.0,4.488735675811768,4.825086116790772,0.0804909691214561,0.003449912648648
47,2552,2552,47,2022-03-01 20:29:00+00:00,a19a08,41.2358791545286,-72.09933887828481,222.0,40.79732049628063,-1472.0,N202GA,0.0,0.0,0.0,3610.0,4600.0,4475.0,[ 1408236435   970496204 -1408236131],2022-03-01 20:00:00+00:00,657722.4033469027,198410.42069204352,40.79732049628063,N202GA_033,DESCENT,2.0,276.5964660644531,3.4053194522857666,0.0799999982118606,0.0799999982118606,0.0,2750.847900390625,0.0,0.0,0.0,0.0,-1.1674138307571411,0.0011992631480097,0.0011526510352268,0.584587037563324,0.4793408811092376,9.999999848243208e+30,277.1282958984375,1.0,0.0,1.0,0.0,0.0,38.98827362060547,0.0,42.49380493164063,0.8284645080566406,290.37628173828125,0.0,0.0,0.0,0.0,0.0,1364.0,0.0024236470926553,274.95611572265625,5.272583439364098e-05,1.5867763067944907e-05,0.0,17.953821182250977,-inf,72.82378387451172,1.4000000192027072e-05,0.0110890734940767,277.1282958984375,-6.090932369232178,0.0,0.0,0.0,0.0,14.0,406.1198425292969,272.9700622558594,0.0,0.0,0.5425102114677429,441.4344787597656,0.0,1021.7761840820312,0.0,0.0,1020.6343383789062,0.0,0.0168695021420717,0.0801600292325019,0.1675114929676056,-0.501968502998352,-0.8009145259857178,0.0,17.0,90.0,4.609619617462158,4.847232341766357,0.0873733162879943,0.0034790288191288
48,2553,2553,48,2022-03-01 20:30:00+00:00,a19a08,41.31198120117188,-72.0205078125,227.0,37.830637081383216,-1472.0,N202GA,0.0,0.0,0.0,3610.0,2825.0,3375.0,[1408236435  970496204],2022-03-01 20:00:00+00:00,660696.5675583369,202717.5707705427,37.830637081383216,N202GA_033,DESCENT,2.0,276.7377624511719,3.444551706314087,0.1856916099786758,0.1856916099786758,4.824506049772026e-06,3380.4248046875,0.0,0.0,0.0,0.0,-1.256213903427124,0.0113907372578978,0.019859055057168,1.82055139541626,1.462095856666565,9.999999848243208e+30,278.3564453125,0.5940306186676025,0.0,0.5510271787643433,0.0,0.0,129.00440979003906,1.0,51.835052490234375,2.284937858581543,282.0971374511719,0.0,0.0,0.0,0.0,0.0,939.7523193359376,0.0024204987566918,275.1260070800781,5.764440720668063e-05,3.437240229686722e-05,0.0,8.720637321472168,-inf,72.15086364746094,0.5581250190734863,0.0120983691886067,277.2574157714844,90.1327667236328,0.0,0.0,0.0,0.0,3.0,396.7440185546875,272.8578491210937,0.0,0.0,0.6848375201225281,487.2158508300781,13.991406440734863,1020.076416015625,0.0,0.0,1018.9359130859376,0.0,0.0638001263141632,0.4481983184814453,0.5012137293815613,-0.7574819922447205,-0.8813045024871826,4.0,4.0,90.0,2.1646859645843506,3.157036542892456,0.7767871022224426,0.0034621369559317
49,2554,2554,49,2022-03-01 20:31:00+00:00,a19a08,41.34929825087725,-71.97847020348837,187.0,35.21759296819272,64.0,N202GA,0.0,0.0,0.0,3610.0,2825.0,2750.0,[1408236435],2022-03-01 20:00:00+00:00,663643.7316797939,207572.1295678277,35.21759296819272,N202GA_033,LEVEL,2.0,276.5380554199219,3.3818650245666504,0.1787243783473968,0.1787243783473968,4.749417257698951e-06,4976.2294921875,0.0,0.0,0.0,0.0,-1.2669450044631958,0.0122927278280258,0.0215110313147306,1.6043051481246948,1.3018065690994265,9.999999848243208e+30,278.05133056640625,0.5938575863838196,0.0,0.5563079714775085,0.0,0.0,161.2085418701172,1.0,57.347076416015625,2.7902276515960693,276.2320251464844,0.0,0.0,0.0,0.0,0.0,939.4125366210938,0.0023982934653759,275.2484436035156,5.247367516858503e-05,4.0688082663109526e-05,0.0,3.1834661960601807,-inf,72.41432189941406,0.5925000309944153,0.0124162314459681,277.3345642089844,94.96327209472656,0.0,0.0,0.0,0.0,3.0,411.9708862304688,272.8092956542969,0.0,0.0,0.7252227067947388,501.62310791015625,33.190711975097656,1017.7515869140624,0.0,0.0,1016.543701171875,0.0,0.1407869905233383,0.5782231688499451,0.5459452867507935,-0.6387597322463989,-0.7517441511154175,17.0,4.0,90.0,2.280710458755493,3.528493404388428,0.8263468146324158,0.0034675863571465
50,2555,2555,50,2022-03-01 20:32:00+00:00,a19a08,41.38661530058263,-71.93643259447676,187.0,35.21759296819272,64.0,N202GA,0.0,0.0,0.0,3610.0,2825.0,2750.0,[],2022-03-01 20:00:00+00:00,663643.7316797939,207572.1295678277,35.21759296819272,N202GA_033,LEVEL,2.0,276.3289489746094,3.312270164489746,0.1694658547639846,0.1694658547639846,8.571697435399983e-06,5429.73583984375,0.0,0.0,0.0,0.0,-1.3153703212738037,0.012473757378757,0.0215646736323833,0.9955593347549438,0.8348165154457092,9.999999848243208e+30,277.9389953613281,0.5939466953277588,0.0,0.5605072379112244,0.0,0.0,173.42822265625,1.0,62.164642333984375,3.410664796829224,271.1391296386719,0.0,0.0,0.0,0.0,0.0,938.7861938476562,0.0023534365464001,275.52099609375,5.995097308186814e-05,4.83108960906975e-05,0.0,-3.797980785369873,-inf,72.51351165771484,0.550000011920929,0.012725731357932,277.3890991210937,120.32840728759766,0.0,0.0,0.0,0.0,3.0,427.1591796875,272.7608642578125,0.0,0.0,0.7633965611457825,514.318603515625,68.56940460205078,1013.3832397460938,0.0,0.0,1012.136474609375,0.0,0.211167111992836,0.5049536824226379,0.4936373829841614,-0.4990304112434387,-0.6493005752563477,24.0,4.0,90.0,2.533724069595337,3.6168177127838135,0.736607015132904,0.0034703600686043
51,2556,2556,51,2022-03-01 20:33:00+00:00,a19a08,41.39751628293829,-71.93604935047239,188.0,42.19151512265401,-64.0,N202GA,0.0,0.0,0.0,3610.0,2816.6666666666665,2750.0,[],2022-03-01 20:00:00+00:00,669599.9474328323,215942.3798426749,42.19151512265401,N202GA_033,LEVEL,2.0,276.3289489746094,3.312270164489746,0.1694658547639846,0.1694658547639846,8.571697435399983e-06,5429.73583984375,0.0,0.0,0.0,0.0,-1.3153703212738037,0.012473757378757,0.0215646736323833,0.9955593347549438,0.8348165154457092,9.999999848243208e+30,277.9389953613281,0.5939466953277588,0.0,0.5605072379112244,0.0,0.0,173.42822265625,1.0,62.164642333984375,3.410664796829224,271.1391296386719,0.0,0.0,0.0,0.0,0.0,938.7861938476562,0.0023534365464001,275.52099609375,5.995097308186814e-05,4.83108960906975e-05,0.0,-3.797980785369873,-inf,72.51351165771484,0.550000011920929,0.012725731357932,277.3890991210937,120.32840728759766,0.0,0.0,0.0,0.0,3.0,427.1591796875,272.7608642578125,0.0,0.0,0.7633965611457825,514.318603515625,68.56940460205078,1013.3832397460938,0.0,0.0,1012.136474609375,0.0,0.211167111992836,0.5049536824226379,0.4936373829841614,-0.4990304112434387,-0.6493005752563477,24.0,4.0,90.0,2.533724069595337,3.6168177127838135,0.736607015132904,0.0034703600686043
52,2557,2557,52,2022-03-01 20:34:00+00:00,a19a08,41.40841726529396,-71.93566610646802,188.0,42.19151512265401,-64.0,N202GA,0.0,0.0,0.0,3610.0,2808.333333333333,2750.0,[],2022-03-01 20:00:00+00:00,669599.9474328323,215942.3798426749,42.19151512265401,N202GA_033,LEVEL,2.0,276.3289489746094,3.312270164489746,0.1694658547639846,0.1694658547639846,8.571697435399983e-06,5429.73583984375,0.0,0.0,0.0,0.0,-1.3153703212738037,0.012473757378757,0.0215646736323833,0.9955593347549438,0.8348165154457092,9.999999848243208e+30,277.9389953613281,0.5939466953277588,0.0,0.5605072379112244,0.0,0.0,173.42822265625,1.0,62.164642333984375,3.410664796829224,271.1391296386719,0.0,0.0,0.0,0.0,0.0,938.7861938476562,0.0023534365464001,275.52099609375,5.995097308186814e-05,4.83108960906975e-05,0.0,-3.797980785369873,-inf,72.51351165771484,0.550000011920929,0.012725731357932,277.3890991210937,120.32840728759766,0.0,0.0,0.0,0.0,3.0,427.1591796875,272.7608642578125,0.0,0.0,0.7633965611457825,514.318603515625,68.56940460205078,1013.3832397460938,0.0,0.0,1012.136474609375,0.0,0.211167111992836,0.5049536824226379,0.4936373829841614,-0.4990304112434387,-0.6493005752563477,24.0,4.0,90.0,2.533724069595337,3.6168177127838135,0.736607015132904,0.0034703600686043
53,2558,2558,53,2022-03-01 20:35:00+00:00,a19a08,41.41931824764963,-71.93528286246365,188.0,42.19151512265401,-64.0,N202GA,0.0,0.0,0.0,3610.0,2800.0,2750.0,[],2022-03-01 20:00:00+00:00,669599.9474328323,215942.3798426749,42.19151512265401,N202GA_033,LEVEL,2.0,276.3289489746094,3.312270164489746,0.1694658547639846,0.1694658547639846,8.571697435399983e-06,5429.73583984375,0.0,0.0,0.0,0.0,-1.3153703212738037,0.012473757378757,0.0215646736323833,0.9955593347549438,0.8348165154457092,9.999999848243208e+30,277.9389953613281,0.5939466953277588,0.0,0.5605072379112244,0.0,0.0,173.42822265625,1.0,62.164642333984375,3.410664796829224,271.1391296386719,0.0,0.0,0.0,0.0,0.0,938.7861938476562,0.0023534365464001,275.52099609375,5.995097308186814e-05,4.83108960906975e-05,0.0,-3.797980785369873,-inf,72.51351165771484,0.550000011920929,0.012725731357932,277.3890991210937,120.32840728759766,0.0,0.0,0.0,0.0,3.0,427.1591796875,272.7608642578125,0.0,0.0,0.7633965611457825,514.318603515625,68.56940460205078,1013.3832397460938,0.0,0.0,1012.136474609375,0.0,0.211167111992836,0.5049536824226379,0.4936373829841614,-0.4990304112434387,-0.6493005752563477,24.0,4.0,90.0,2.533724069595337,3.6168177127838135,0.736607015132904,0.0034703600686043
54,2559,2559,54,2022-03-01 20:36:00+00:00,a19a08,41.43021923000529,-71.9348996184593,188.0,42.19151512265401,-64.0,N202GA,0.0,0.0,0.0,3610.0,2791.6666666666665,2750.0,[],2022-03-01 20:00:00+00:00,669599.9474328323,215942.3798426749,42.19151512265401,N202GA_033,LEVEL,2.0,276.2648010253906,3.253952980041504,0.1671406924724578,0.1671406924724578,5.755712209065678e-06,6695.13232421875,0.0,0.0,0.0,0.0,-1.52982759475708,0.0124202612787485,0.0214744769036769,1.13508141040802,0.945558488368988,9.999999848243208e+30,277.90386962890625,0.5924895405769348,0.0,0.5569499731063843,0.0,0.0,168.7717742919922,1.0,66.082763671875,3.589963912963867,267.05718994140625,0.0,0.0,0.0,0.0,0.0,938.3743896484376,0.0023036643397063,275.6934509277344,5.6411521654808894e-05,5.090597551316023e-05,0.0,-9.586063385009766,-inf,71.67643737792969,0.550000011920929,0.0134234055876731,277.3160095214844,134.7644805908203,0.0,0.0,0.0,0.0,3.0,440.1387939453125,272.697265625,0.0,0.0,0.8083122968673706,528.4671630859375,91.8351593017578,1010.37646484375,0.0,0.0,1009.1768798828124,0.0,0.2174622267484665,0.5552524328231812,0.5191373825073242,-0.4718374013900757,-0.7051154375076294,25.0,4.0,90.0,2.6271753311157227,3.963471174240112,0.781837522983551,0.0034259536769241
55,2560,2560,55,2022-03-01 20:37:00+00:00,a19a08,41.44112021236096,-71.93451637445493,188.0,42.19151512265401,-64.0,N202GA,0.0,0.0,0.0,3610.0,2783.333333333333,2750.0,[],2022-03-01 20:00:00+00:00,669599.9474328323,215942.3798426749,42.19151512265401,N202GA_033,LEVEL,2.0,276.2648010253906,3.253952980041504,0.1671406924724578,0.1671406924724578,5.755712209065678e-06,6695.13232421875,0.0,0.0,0.0,0.0,-1.52982759475708,0.0124202612787485,0.0214744769036769,1.13508141040802,0.945558488368988,9.999999848243208e+30,277.90386962890625,0.5924895405769348,0.0,0.5569499731063843,0.0,0.0,168.7717742919922,1.0,66.082763671875,3.589963912963867,267.05718994140625,0.0,0.0,0.0,0.0,0.0,938.3743896484376,0.0023036643397063,275.6934509277344,5.6411521654808894e-05,5.090597551316023e-05,0.0,-9.586063385009766,-inf,71.67643737792969,0.550000011920929,0.0134234055876731,277.3160095214844,134.7644805908203,0.0,0.0,0.0,0.0,3.0,440.1387939453125,272.697265625,0.0,0.0,0.8083122968673706,528.4671630859375,91.8351593017578,1010.37646484375,0.0,0.0,1009.1768798828124,0.0,0.2174622267484665,0.5552524328231812,0.5191373825073242,-0.4718374013900757,-0.7051154375076294,25.0,4.0,90.0,2.6271753311157227,3.963471174240112,0.781837522983551,0.0034259536769241
56,2561,2561,56,2022-03-01 20:38:00+00:00,a19a08,41.45202119471663,-71.93413313045056,136.0,213.9234502658317,-256.0,N202GA,0.0,0.0,0.0,3610.0,2775.0,2700.0,[-1408236131],2022-03-01 20:00:00+00:00,669153.1749482088,223054.85602015056,213.9234502658317,N202GA_033,DESCENT,2.0,276.2648010253906,3.253952980041504,0.1671406924724578,0.1671406924724578,5.755712209065678e-06,6695.13232421875,0.0,0.0,0.0,0.0,-1.52982759475708,0.0124202612787485,0.0214744769036769,1.13508141040802,0.945558488368988,9.999999848243208e+30,277.90386962890625,0.5924895405769348,0.0,0.5569499731063843,0.0,0.0,168.7717742919922,1.0,66.082763671875,3.589963912963867,267.05718994140625,0.0,0.0,0.0,0.0,0.0,938.3743896484376,0.0023036643397063,275.6934509277344,5.6411521654808894e-05,5.090597551316023e-05,0.0,-9.586063385009766,-inf,71.67643737792969,0.550000011920929,0.0134234055876731,277.3160095214844,134.7644805908203,0.0,0.0,0.0,0.0,3.0,440.1387939453125,272.697265625,0.0,0.0,0.8083122968673706,528.4671630859375,91.8351593017578,1010.37646484375,0.0,0.0,1009.1768798828124,0.0,0.2174622267484665,0.5552524328231812,0.5191373825073242,-0.4718374013900757,-0.7051154375076294,25.0,4.0,90.0,2.6271753311157227,3.963471174240112,0.781837522983551,0.0034259536769241
57,2562,2562,57,2022-03-01 20:39:00+00:00,a19a08,41.43251580707097,-71.9516984806504,138.0,214.0366103536704,-704.0,N202GA,0.0,0.0,0.0,3610.0,2425.0,2450.0,[ 1408236435 -1408236131],2022-03-01 20:00:00+00:00,667908.2952434967,220810.59756665345,214.0366103536704,N202GA_033,DESCENT,2.0,276.3936462402344,3.385585308074951,0.1753065884113311,0.1753065884113311,2.2530914520757506e-06,6963.57373046875,0.0,0.0,0.0,0.0,-1.456932783126831,0.0124707035720348,0.0215595122426748,1.035783767700195,0.8670513033866882,9.999999848243208e+30,277.9176940917969,0.5920829772949219,0.0,0.5535662174224854,0.0,0.0,176.9147491455078,1.0,67.52008056640625,3.212200880050659,265.752685546875,0.0,0.0,0.0,0.0,0.0,938.5247192382812,0.0022736492101103,275.7536926269531,5.519495971384458e-05,4.680451820604503e-05,0.0,-8.22143268585205,-inf,71.39347839355469,0.550000011920929,0.0138393593952059,277.20538330078125,123.48392486572266,0.0,0.0,0.0,0.0,3.0,438.31781005859375,272.6820068359375,0.0,0.0,0.8317094445228577,531.4918212890625,83.33900451660156,1011.3081665039062,0.0,0.0,1010.0872192382812,0.0,0.2150267362594604,0.519882321357727,0.5025118589401245,-0.5313124656677246,-0.6986395120620728,25.0,4.0,90.0,2.52605414390564,3.4692366123199463,0.7585474848747253,0.0034413170069456
58,2563,2563,58,2022-03-01 20:40:00+00:00,a19a08,41.39317916611493,-71.98702080305233,115.0,214.38034472384487,-704.0,N202GA,0.0,0.0,0.0,3610.0,1425.0,1750.0,[1408236435],2022-03-01 20:00:00+00:00,666272.3694188485,217870.0855145745,214.38034472384487,N202GA_033,DESCENT,2.0,276.3950500488281,3.370777368545532,0.1778087317943573,0.1778087317943573,3.789710717683192e-06,5907.37060546875,0.0,0.0,0.0,0.0,-1.3341268301010132,0.0124394176527857,0.0215067416429519,1.028220295906067,0.8596406579017639,9.999999848243208e+30,277.899169921875,0.5933398008346558,0.0,0.5569090247154236,0.0,0.0,180.9454803466797,1.0,63.805450439453125,3.1270534992218018,269.4742126464844,0.0,0.0,0.0,0.0,0.0,938.720947265625,0.0023058939259499,275.6267395019531,5.613299799733795e-05,4.5412522013066337e-05,0.0,-6.696438312530518,-inf,72.11504364013672,0.550000011920929,0.0131238186731934,277.27996826171875,116.70198822021484,0.0,0.0,0.0,0.0,3.0,428.8878173828125,272.74566650390625,0.0,0.0,0.7965884208679199,521.6400146484375,72.25682067871094,1012.7893676757812,0.0,0.0,1011.5269165039062,0.0,0.2094617486000061,0.5225784182548523,0.499156504869461,-0.5465394258499146,-0.6927953362464905,25.0,4.0,90.0,2.4826345443725586,3.4530158042907715,0.7234814167022705,0.0034676641225814
59,2564,2564,59,2022-03-01 20:41:00+00:00,a19a08,41.37277221679688,-72.0054931640625,108.0,213.69006752597977,-640.0,N202GA,0.0,0.0,0.0,3610.0,850.0,1125.0,[1408236435],2022-03-01 20:00:00+00:00,664729.54011905,215065.9795876988,213.69006752597977,N202GA_033,DESCENT,2.0,276.5380554199219,3.3818650245666504,0.1787243783473968,0.1787243783473968,4.749417257698951e-06,4976.2294921875,0.0,0.0,0.0,0.0,-1.2669450044631958,0.0122927278280258,0.0215110313147306,1.6043051481246948,1.3018065690994265,9.999999848243208e+30,278.05133056640625,0.5938575863838196,0.0,0.5563079714775085,0.0,0.0,161.2085418701172,1.0,57.347076416015625,2.7902276515960693,276.2320251464844,0.0,0.0,0.0,0.0,0.0,939.4125366210938,0.0023982934653759,275.2484436035156,5.247367516858503e-05,4.0688082663109526e-05,0.0,3.1834661960601807,-inf,72.41432189941406,0.5925000309944153,0.0124162314459681,277.3345642089844,94.96327209472656,0.0,0.0,0.0,0.0,3.0,411.9708862304688,272.8092956542969,0.0,0.0,0.7252227067947388,501.62310791015625,33.190711975097656,1017.7515869140624,0.0,0.0,1016.543701171875,0.0,0.1407869905233383,0.5782231688499451,0.5459452867507935,-0.6387597322463989,-0.7517441511154175,17.0,4.0,90.0,2.280710458755493,3.528493404388428,0.8263468146324158,0.0034675863571465
60,2565,2565,60,2022-03-01 20:42:00+00:00,a19a08,41.37277221679688,-72.0054931640625,112.0,212.98099754545547,-640.0,N202GA,0.0,0.0,0.0,3610.0,850.0,750.0,[],2022-03-01 20:00:00+00:00,663763.9264514333,213313.5859271638,212.98099754545547,N202GA_033,DESCENT,2.0,276.5380554199219,3.3818650245666504,0.1787243783473968,0.1787243783473968,4.749417257698951e-06,4976.2294921875,0.0,0.0,0.0,0.0,-1.2669450044631958,0.0122927278280258,0.0215110313147306,1.6043051481246948,1.3018065690994265,9.999999848243208e+30,278.05133056640625,0.5938575863838196,0.0,0.5563079714775085,0.0,0.0,161.2085418701172,1.0,57.347076416015625,2.7902276515960693,276.2320251464844,0.0,0.0,0.0,0.0,0.0,939.4125366210938,0.0023982934653759,275.2484436035156,5.247367516858503e-05,4.0688082663109526e-05,0.0,3.1834661960601807,-inf,72.41432189941406,0.5925000309944153,0.0124162314459681,277.3345642089844,94.96327209472656,0.0,0.0,0.0,0.0,3.0,411.9708862304688,272.8092956542969,0.0,0.0,0.7252227067947388,501.62310791015625,33.190711975097656,1017.7515869140624,0.0,0.0,1016.543701171875,0.0,0.1407869905233383,0.5782231688499451,0.5459452867507935,-0.6387597322463989,-0.7517441511154175,17.0,4.0,90.0,2.280710458755493,3.528493404388428,0.8263468146324158,0.0034675863571465
61,2566,2566,61,2022-03-01 20:43:00+00:00,a19a08,41.37277221679688,-72.0054931640625,112.0,212.98099754545547,-640.0,N202GA,0.0,0.0,0.0,3610.0,850.0,750.0,[],2022-03-01 20:00:00+00:00,663763.9264514333,213313.5859271638,212.98099754545547,N202GA_033,DESCENT,2.0,276.5380554199219,3.3818650245666504,0.1787243783473968,0.1787243783473968,4.749417257698951e-06,4976.2294921875,0.0,0.0,0.0,0.0,-1.2669450044631958,0.0122927278280258,0.0215110313147306,1.6043051481246948,1.3018065690994265,9.999999848243208e+30,278.05133056640625,0.5938575863838196,0.0,0.5563079714775085,0.0,0.0,161.2085418701172,1.0,57.347076416015625,2.7902276515960693,276.2320251464844,0.0,0.0,0.0,0.0,0.0,939.4125366210938,0.0023982934653759,275.2484436035156,5.247367516858503e-05,4.0688082663109526e-05,0.0,3.1834661960601807,-inf,72.41432189941406,0.5925000309944153,0.0124162314459681,277.3345642089844,94.96327209472656,0.0,0.0,0.0,0.0,3.0,411.9708862304688,272.8092956542969,0.0,0.0,0.7252227067947388,501.62310791015625,33.190711975097656,1017.7515869140624,0.0,0.0,1016.543701171875,0.0,0.1407869905233383,0.5782231688499451,0.5459452867507935,-0.6387597322463989,-0.7517441511154175,17.0,4.0,90.0,2.280710458755493,3.528493404388428,0.8263468146324158,0.0034675863571465
62,2567,2567,62,2022-03-01 20:44:00+00:00,a19a08,41.37277221679688,-72.0054931640625,112.0,212.98099754545547,-640.0,N202GA,0.0,0.0,0.0,3610.0,850.0,750.0,[],2022-03-01 20:00:00+00:00,663763.9264514333,213313.5859271638,212.98099754545547,N202GA_033,DESCENT,2.0,276.5380554199219,3.3818650245666504,0.1787243783473968,0.1787243783473968,4.749417257698951e-06,4976.2294921875,0.0,0.0,0.0,0.0,-1.2669450044631958,0.0122927278280258,0.0215110313147306,1.6043051481246948,1.3018065690994265,9.999999848243208e+30,278.05133056640625,0.5938575863838196,0.0,0.5563079714775085,0.0,0.0,161.2085418701172,1.0,57.347076416015625,2.7902276515960693,276.2320251464844,0.0,0.0,0.0,0.0,0.0,939.4125366210938,0.0023982934653759,275.2484436035156,5.247367516858503e-05,4.0688082663109526e-05,0.0,3.1834661960601807,-inf,72.41432189941406,0.5925000309944153,0.0124162314459681,277.3345642089844,94.96327209472656,0.0,0.0,0.0,0.0,3.0,411.9708862304688,272.8092956542969,0.0,0.0,0.7252227067947388,501.62310791015625,33.190711975097656,1017.7515869140624,0.0,0.0,1016.543701171875,0.0,0.1407869905233383,0.5782231688499451,0.5459452867507935,-0.6387597322463989,-0.7517441511154175,17.0,4.0,90.0,2.280710458755493,3.528493404388428,0.8263468146324158,0.0034675863571465
63,2568,2568,63,2022-03-01 20:45:00+00:00,a19a08,41.37277221679688,-72.0054931640625,112.0,212.98099754545547,-640.0,N202GA,0.0,0.0,0.0,3610.0,850.0,750.0,[],2022-03-01 20:00:00+00:00,663763.9264514333,213313.5859271638,212.98099754545547,N202GA_033,DESCENT,2.0,276.5380554199219,3.3818650245666504,0.1787243783473968,0.1787243783473968,4.749417257698951e-06,4976.2294921875,0.0,0.0,0.0,0.0,-1.2669450044631958,0.0122927278280258,0.0215110313147306,1.6043051481246948,1.3018065690994265,9.999999848243208e+30,278.05133056640625,0.5938575863838196,0.0,0.5563079714775085,0.0,0.0,161.2085418701172,1.0,57.347076416015625,2.7902276515960693,276.2320251464844,0.0,0.0,0.0,0.0,0.0,939.4125366210938,0.0023982934653759,275.2484436035156,5.247367516858503e-05,4.0688082663109526e-05,0.0,3.1834661960601807,-inf,72.41432189941406,0.5925000309944153,0.0124162314459681,277.3345642089844,94.96327209472656,0.0,0.0,0.0,0.0,3.0,411.9708862304688,272.8092956542969,0.0,0.0,0.7252227067947388,501.62310791015625,33.190711975097656,1017.7515869140624,0.0,0.0,1016.543701171875,0.0,0.1407869905233383,0.5782231688499451,0.5459452867507935,-0.6387597322463989,-0.7517441511154175,17.0,4.0,90.0,2.280710458755493,3.528493404388428,0.8263468146324158,0.0034675863571465
64,2569,2569,64,2022-03-01 20:46:00+00:00,a19a08,41.37277221679688,-72.0054931640625,112.0,212.98099754545547,-640.0,N202GA,0.0,0.0,0.0,3610.0,850.0,750.0,[],2022-03-01 20:00:00+00:00,663763.9264514333,213313.5859271638,212.98099754545547,N202GA_033,,2.0,276.5380554199219,3.3818650245666504,0.1787243783473968,0.1787243783473968,4.749417257698951e-06,4976.2294921875,0.0,0.0,0.0,0.0,-1.2669450044631958,0.0122927278280258,0.0215110313147306,1.6043051481246948,1.3018065690994265,9.999999848243208e+30,278.05133056640625,0.5938575863838196,0.0,0.5563079714775085,0.0,0.0,161.2085418701172,1.0,57.347076416015625,2.7902276515960693,276.2320251464844,0.0,0.0,0.0,0.0,0.0,939.4125366210938,0.0023982934653759,275.2484436035156,5.247367516858503e-05,4.0688082663109526e-05,0.0,3.1834661960601807,-inf,72.41432189941406,0.5925000309944153,0.0124162314459681,277.3345642089844,94.96327209472656,0.0,0.0,0.0,0.0,3.0,411.9708862304688,272.8092956542969,0.0,0.0,0.7252227067947388,501.62310791015625,33.190711975097656,1017.7515869140624,0.0,0.0,1016.543701171875,0.0,0.1407869905233383,0.5782231688499451,0.5459452867507935,-0.6387597322463989,-0.7517441511154175,17.0,4.0,90.0,2.280710458755493,3.528493404388428,0.8263468146324158,0.0034675863571465
